zone_id,week_start,zone_encoded,week_of_year,season,avg_max_temp,avg_max_rain,avg_max_aqi,trigger_freq_4w,shift_type,earnings_baseline,expected_weekly_claim_cost
electronic_city,2024-04-01,4,14,1,41.25714285714286,7.187142857142858,220.8,0.0,1,560,0.0
electronic_city,2024-04-08,4,15,1,41.10142857142857,11.247142857142858,220.8,0.0,1,560,0.0
electronic_city,2024-04-15,4,16,1,40.902857142857144,13.814285714285715,220.8,0.0,1,560,0.0
electronic_city,2024-04-22,4,17,1,40.66571428571429,14.31,220.8,0.0,1,560,0.0
electronic_city,2024-04-29,4,18,1,40.39714285714285,12.622857142857143,220.8,0.0,1,560,0.0
electronic_city,2024-05-06,4,19,1,40.097142857142856,9.127142857142857,220.8,0.0,1,560,0.0
electronic_city,2024-05-13,4,20,1,39.77571428571429,4.631428571428572,221.94857142857146,0.0,1,560,0.0
electronic_city,2024-05-20,4,21,1,39.43857142857143,0.5914285714285714,229.52285714285716,0.0,1,560,0.0
electronic_city,2024-05-27,4,22,2,33.59142857142857,9.135714285714286,255.5842857142857,0.0,1,560,0.0
electronic_city,2024-06-03,4,23,2,33.25,7.517142857142858,262.6771428571429,0.0,1,560,0.0
electronic_city,2024-06-10,4,24,2,32.90857142857143,8.092857142857143,268.39142857142855,0.0,1,560,0.0
electronic_city,2024-06-17,4,25,2,32.58142857142857,10.728571428571428,272.39428571428573,0.0,1,560,0.0
electronic_city,2024-06-24,4,26,2,32.27428571428571,14.822857142857144,274.45428571428573,0.0,1,560,470.4
electronic_city,2024-07-01,4,27,2,31.994285714285716,19.447142857142858,274.45428571428573,3.0,1,560,1383.2
electronic_city,2024-07-08,4,28,2,31.745714285714286,23.541428571428572,272.39428571428573,10.0,1,560,1764.0
electronic_city,2024-07-15,4,29,2,31.535714285714285,26.177142857142858,268.39142857142855,17.0,1,560,1764.0
electronic_city,2024-07-22,4,30,2,31.365714285714287,26.752857142857145,262.6771428571429,24.0,1,560,1764.0
electronic_city,2024-07-29,4,31,2,31.24285714285714,25.134285714285713,255.5842857142857,28.0,1,560,1764.0
electronic_city,2024-08-05,4,32,2,31.16714285714286,21.695714285714285,247.52285714285716,28.0,1,560,1668.8
electronic_city,2024-08-12,4,33,2,31.140000000000004,17.21857142857143,239.94857142857146,28.0,1,560,1097.6
electronic_city,2024-08-19,4,34,2,31.165714285714284,12.722857142857142,238.8,28.0,1,560,0.0
electronic_city,2024-08-26,4,35,2,31.238571428571426,9.227142857142857,238.8,21.0,1,560,0.0
electronic_city,2024-09-02,4,36,2,31.361428571428572,7.54,238.8,14.0,1,560,0.0
electronic_city,2024-09-09,4,37,2,31.527142857142856,8.035714285714286,238.8,7.0,1,560,0.0
electronic_city,2024-09-16,4,38,2,31.737142857142857,10.602857142857143,238.8,0.0,1,560,0.0
electronic_city,2024-09-23,4,39,2,31.984285714285715,14.662857142857144,238.8,0.0,1,560,470.4
electronic_city,2024-09-30,4,40,3,30.262857142857143,6.861428571428571,256.8,3.0,1,560,0.0
electronic_city,2024-10-07,4,41,3,30.568571428571428,10.995714285714286,256.8,3.0,1,560,0.0
electronic_city,2024-10-14,4,42,3,30.895714285714288,13.695714285714287,256.8,3.0,1,560,0.0
electronic_city,2024-10-21,4,43,3,31.235714285714288,14.35,256.8,3.0,1,560,0.0
electronic_city,2024-10-28,4,44,3,31.580000000000002,12.81,256.8,0.0,1,560,0.0
electronic_city,2024-11-04,4,45,3,31.927142857142858,9.424285714285714,256.8,0.0,1,560,0.0
electronic_city,2024-11-11,4,46,3,32.26285714285714,4.965714285714285,257.6614285714286,0.0,1,560,0.0
electronic_city,2024-11-18,4,47,3,32.58571428571429,0.7685714285714286,264.92,0.0,1,560,0.0
electronic_city,2024-11-25,4,48,3,32.887142857142855,0.0,273.03714285714284,0.0,1,560,0.0
electronic_city,2024-12-02,4,49,0,33.15714285714286,0.0,226.21142857142857,0.0,1,560,0.0
electronic_city,2024-12-09,4,50,0,33.39714285714286,0.0,232.03714285714287,0.0,1,560,0.0
electronic_city,2024-12-16,4,51,0,33.59571428571429,0.0,236.17000000000002,0.0,1,560,0.0
electronic_city,2024-12-23,4,52,0,33.75,2.0814285714285714,238.37428571428572,0.0,1,560,0.0
electronic_city,2024-12-30,4,1,0,32.30142857142857,6.235714285714286,238.63000000000002,0.0,1,560,0.0
electronic_city,2025-01-06,4,2,0,31.982857142857142,10.338571428571429,237.00428571428571,0.0,1,560,0.0
electronic_city,2025-01-13,4,3,0,32.318571428571424,13.351428571428572,233.40285714285713,0.0,1,560,0.0
electronic_city,2025-01-20,4,4,0,32.637142857142855,14.397142857142857,228.03,0.0,1,560,0.0
electronic_city,2025-01-27,4,5,0,32.93,13.237142857142857,221.20142857142858,0.0,1,560,0.0
electronic_city,2025-02-03,4,6,0,33.2,10.132857142857144,213.30857142857144,0.0,1,560,0.0
electronic_city,2025-02-10,4,7,0,33.43,5.797142857142857,205.11714285714285,0.0,1,560,0.0
electronic_city,2025-02-17,4,8,0,33.62571428571429,1.3042857142857145,202.8,0.0,1,560,0.0
electronic_city,2025-02-24,4,9,1,41.27571428571429,0.0,220.8,0.0,1,560,0.0
electronic_city,2025-03-03,4,10,1,41.37714285714286,0.0,220.8,0.0,1,560,0.0
electronic_city,2025-03-10,4,11,1,41.43,0.0,220.8,0.0,1,560,0.0
electronic_city,2025-03-17,4,12,1,41.43428571428571,0.0,220.8,0.0,1,560,0.0
electronic_city,2025-03-24,4,13,1,41.38857142857143,1.3714285714285714,220.8,0.0,1,560,0.0
electronic_city,2025-03-31,4,14,1,41.292857142857144,5.878571428571428,220.8,0.0,1,560,0.0
electronic_city,2025-04-07,4,15,1,41.151428571428575,10.202857142857143,220.8,0.0,1,560,0.0
electronic_city,2025-04-14,4,16,1,40.962857142857146,13.275714285714287,220.8,0.0,1,560,0.0
electronic_city,2025-04-21,4,17,1,40.737142857142864,14.395714285714286,220.8,0.0,1,560,0.0
electronic_city,2025-04-28,4,18,1,40.478571428571435,13.314285714285715,220.8,0.0,1,560,0.0
electronic_city,2025-05-05,4,19,1,40.184285714285714,10.27,220.8,0.0,1,560,0.0
electronic_city,2025-05-12,4,20,1,39.87,5.96,221.02,0.0,1,560,0.0
electronic_city,2025-05-19,4,21,1,39.535714285714285,1.4371428571428573,227.1057142857143,0.0,1,560,0.0
electronic_city,2025-05-26,4,22,2,33.690000000000005,9.959999999999999,253.35999999999999,0.0,1,560,0.0
electronic_city,2025-06-02,4,23,2,33.348571428571425,7.762857142857143,260.7742857142857,0.0,1,560,0.0
electronic_city,2025-06-09,4,24,2,33.004285714285714,7.702857142857143,266.9214285714285,0.0,1,560,0.0
electronic_city,2025-06-16,4,25,2,32.67285714285715,9.792857142857143,271.44,0.0,1,560,0.0
electronic_city,2025-06-23,4,26,2,32.36,13.552857142857144,274.07428571428574,0.0,1,560,156.8
electronic_city,2025-06-30,4,27,2,32.07142857142857,18.134285714285713,274.6657142857143,1.0,1,560,1192.8
electronic_city,2025-07-07,4,28,2,31.812857142857144,22.48428571428571,273.18857142857144,8.0,1,560,1764.0
electronic_city,2025-07-14,4,29,2,31.59142857142857,25.615714285714287,269.7214285714286,15.0,1,560,1764.0
electronic_city,2025-07-21,4,30,2,31.41,26.815714285714286,264.46714285714285,22.0,1,560,1764.0
electronic_city,2025-07-28,4,31,2,31.274285714285714,25.80857142857143,257.7285714285714,28.0,1,560,1764.0
electronic_city,2025-08-04,4,32,2,31.18285714285714,22.825714285714287,249.89857142857142,28.0,1,560,1764.0
electronic_city,2025-08-11,4,33,2,31.142857142857142,18.545714285714286,241.57999999999998,28.0,1,560,1192.8
electronic_city,2025-08-18,4,34,2,31.15285714285714,13.947142857142856,238.8,28.0,1,560,313.6
electronic_city,2025-08-25,4,35,2,31.212857142857143,10.069999999999999,238.8,23.0,1,560,0.0
electronic_city,2025-09-01,4,36,2,31.321428571428573,7.807142857142857,238.8,16.0,1,560,0.0
electronic_city,2025-09-08,4,37,2,31.475714285714282,7.668571428571428,238.8,9.0,1,560,0.0
electronic_city,2025-09-15,4,38,2,31.672857142857143,9.682857142857143,238.8,2.0,1,560,0.0
electronic_city,2025-09-22,4,39,2,31.91,13.401428571428571,238.8,0.0,1,560,156.8
electronic_city,2025-09-29,4,40,3,30.18,5.545714285714285,256.8,1.0,1,560,0.0
electronic_city,2025-10-06,4,41,3,30.478571428571428,9.922857142857143,256.8,1.0,1,560,0.0
electronic_city,2025-10-13,4,42,3,30.801428571428573,13.114285714285714,256.8,1.0,1,560,0.0
electronic_city,2025-10-20,4,43,3,31.138571428571428,14.39,256.8,1.0,1,560,0.0
electronic_city,2025-10-27,4,44,3,31.479999999999997,13.464285714285714,256.8,0.0,1,560,0.0
electronic_city,2025-11-03,4,45,3,31.830000000000002,10.540000000000001,256.8,0.0,1,560,0.0
electronic_city,2025-11-10,4,46,3,32.167142857142856,6.292857142857143,256.91,0.0,1,560,0.0
electronic_city,2025-11-17,4,47,3,32.495714285714286,1.7085714285714284,262.4942857142857,0.0,1,560,0.0
electronic_city,2025-11-24,4,48,3,32.80285714285714,0.0,270.79285714285714,0.0,1,560,0.0
electronic_city,2025-12-01,4,49,0,33.082857142857144,0.0,224.28285714285715,0.0,1,560,0.0
electronic_city,2025-12-08,4,50,0,33.332857142857144,0.0,230.53285714285715,0.0,1,560,0.0
electronic_city,2025-12-15,4,51,0,33.542857142857144,0.0,235.17714285714285,0.0,1,560,0.0
electronic_city,2025-12-22,4,52,0,33.71,1.022857142857143,237.95142857142858,0.0,1,560,0.0
electronic_city,2025-12-29,4,1,0,32.582857142857144,5.38,238.69285714285715,0.0,1,560,0.0
electronic_city,2026-01-05,4,2,0,31.934285714285714,9.782857142857143,237.36142857142858,0.0,1,560,0.0
electronic_city,2026-01-12,4,3,0,32.27142857142857,13.028571428571428,234.03142857142856,0.0,1,560,0.0
electronic_city,2026-01-19,4,4,0,32.59285714285714,14.382857142857144,228.8957142857143,0.0,1,560,0.0
electronic_city,2026-01-26,4,5,0,32.89,13.534285714285714,222.25142857142856,0.0,1,560,0.0
electronic_city,2026-02-02,4,6,0,33.16285714285714,10.671428571428573,214.48428571428573,0.0,1,560,0.0
electronic_city,2026-02-09,4,7,0,33.4,6.457142857142857,206.10714285714286,0.0,1,560,0.0
electronic_city,2026-02-16,4,8,0,33.6,1.8457142857142856,202.8,0.0,1,560,0.0
electronic_city,2026-02-23,4,9,1,41.25714285714286,0.0,220.8,0.0,1,560,0.0
electronic_city,2026-03-02,4,10,1,41.36571428571428,0.0,220.8,0.0,1,560,0.0
electronic_city,2026-03-09,4,11,1,41.425714285714285,0.0,220.8,0.0,1,560,0.0
electronic_city,2026-03-16,4,12,1,41.43714285714286,0.0,220.8,0.0,1,560,0.0
electronic_city,2026-03-23,4,13,1,41.39857142857143,0.9128571428571428,220.8,0.0,1,560,0.0
electronic_city,2026-03-30,4,14,1,41.345,3.54,220.8,0.0,1,560,0.0
electronic_city,2024-04-01,4,14,1,41.21714285714285,6.25,202.8,0.0,0,330,0.0
electronic_city,2024-04-08,4,15,1,41.06142857142857,9.778571428571428,202.8,0.0,0,330,0.0
electronic_city,2024-04-15,4,16,1,40.862857142857145,12.01142857142857,202.8,0.0,0,330,0.0
electronic_city,2024-04-22,4,17,1,40.62571428571429,12.444285714285714,202.8,0.0,0,330,0.0
electronic_city,2024-04-29,4,18,1,40.357142857142854,10.975714285714286,202.8,0.0,0,330,0.0
electronic_city,2024-05-06,4,19,1,40.05714285714286,7.9399999999999995,202.8,0.0,0,330,0.0
electronic_city,2024-05-13,4,20,1,39.73571428571428,4.027142857142858,203.94857142857146,0.0,0,330,0.0
electronic_city,2024-05-20,4,21,1,39.39857142857143,0.5142857142857143,211.52285714285716,0.0,0,330,0.0
electronic_city,2024-05-27,4,22,2,33.55142857142857,7.942857142857143,237.58428571428573,0.0,0,330,0.0
electronic_city,2024-06-03,4,23,2,33.21,6.5371428571428565,244.67714285714285,0.0,0,330,0.0
electronic_city,2024-06-10,4,24,2,32.86857142857143,7.035714285714286,250.39142857142858,0.0,0,330,0.0
electronic_city,2024-06-17,4,25,2,32.541428571428575,9.328571428571427,254.3942857142857,0.0,0,330,0.0
electronic_city,2024-06-24,4,26,2,32.23428571428571,12.89,256.45428571428573,0.0,0,330,0.0
electronic_city,2024-07-01,4,27,2,31.954285714285714,16.91,256.45428571428573,0.0,0,330,646.8
electronic_city,2024-07-08,4,28,2,31.705714285714286,20.47142857142857,254.3942857142857,7.0,0,330,927.3
electronic_city,2024-07-15,4,29,2,31.495714285714286,22.764285714285712,250.39142857142858,14.0,0,330,1039.5
electronic_city,2024-07-22,4,30,2,31.325714285714287,23.262857142857143,244.67714285714285,21.0,0,330,1039.5
electronic_city,2024-07-29,4,31,2,31.202857142857145,21.857142857142858,237.58428571428573,28.0,0,330,1039.5
electronic_city,2024-08-05,4,32,2,31.127142857142854,18.867142857142856,229.52285714285716,28.0,0,330,702.9
electronic_city,2024-08-12,4,33,2,31.1,14.972857142857142,221.94857142857146,28.0,0,330,277.2
electronic_city,2024-08-19,4,34,2,31.125714285714285,11.06,220.8,24.0,0,330,0.0
electronic_city,2024-08-26,4,35,2,31.198571428571427,8.024285714285714,220.8,17.0,0,330,0.0
electronic_city,2024-09-02,4,36,2,31.321428571428573,6.555714285714286,220.8,10.0,0,330,0.0
electronic_city,2024-09-09,4,37,2,31.487142857142857,6.988571428571428,220.8,3.0,0,330,0.0
electronic_city,2024-09-16,4,38,2,31.697142857142858,9.221428571428572,220.8,0.0,0,330,0.0
electronic_city,2024-09-23,4,39,2,31.944285714285716,12.75,220.8,0.0,0,330,0.0
electronic_city,2024-09-30,4,40,3,30.222857142857144,5.97,238.8,0.0,0,330,0.0
electronic_city,2024-10-07,4,41,3,30.528571428571432,9.561428571428573,238.8,0.0,0,330,0.0
electronic_city,2024-10-14,4,42,3,30.85571428571429,11.90857142857143,238.8,0.0,0,330,0.0
electronic_city,2024-10-21,4,43,3,31.195714285714285,12.478571428571428,238.8,0.0,0,330,0.0
electronic_city,2024-10-28,4,44,3,31.54,11.14,238.8,0.0,0,330,0.0
electronic_city,2024-11-04,4,45,3,31.88714285714286,8.191428571428572,238.8,0.0,0,330,0.0
electronic_city,2024-11-11,4,46,3,32.222857142857144,4.315714285714286,239.6614285714286,0.0,0,330,0.0
electronic_city,2024-11-18,4,47,3,32.54571428571428,0.6699999999999999,246.92000000000002,0.0,0,330,0.0
electronic_city,2024-11-25,4,48,3,32.847142857142856,0.0,255.03714285714287,0.0,0,330,0.0
electronic_city,2024-12-02,4,49,0,33.11714285714286,0.0,208.21142857142857,0.0,0,330,0.0
electronic_city,2024-12-09,4,50,0,33.357142857142854,0.0,214.03714285714287,0.0,0,330,0.0
electronic_city,2024-12-16,4,51,0,33.55571428571428,0.0,218.17000000000002,0.0,0,330,0.0
electronic_city,2024-12-23,4,52,0,33.71,1.8114285714285714,220.37428571428572,0.0,0,330,0.0
electronic_city,2024-12-30,4,1,0,32.26142857142857,5.421428571428571,220.63000000000002,0.0,0,330,0.0
electronic_city,2025-01-06,4,2,0,31.942857142857147,8.99,219.00428571428571,0.0,0,330,0.0
electronic_city,2025-01-13,4,3,0,32.278571428571425,11.61,215.40285714285713,0.0,0,330,0.0
electronic_city,2025-01-20,4,4,0,32.597142857142856,12.518571428571429,210.03,0.0,0,330,0.0
electronic_city,2025-01-27,4,5,0,32.89,11.508571428571429,203.20142857142858,0.0,0,330,0.0
electronic_city,2025-02-03,4,6,0,33.160000000000004,8.811428571428571,195.30857142857144,0.0,0,330,0.0
electronic_city,2025-02-10,4,7,0,33.39,5.041428571428571,187.11714285714285,0.0,0,330,0.0
electronic_city,2025-02-17,4,8,0,33.58571428571428,1.1371428571428572,184.8,0.0,0,330,0.0
electronic_city,2025-02-24,4,9,1,41.23571428571428,0.0,202.8,0.0,0,330,0.0
electronic_city,2025-03-03,4,10,1,41.33714285714286,0.0,202.8,0.0,0,330,0.0
electronic_city,2025-03-10,4,11,1,41.39,0.0,202.8,0.0,0,330,0.0
electronic_city,2025-03-17,4,12,1,41.394285714285715,0.0,202.8,0.0,0,330,0.0
electronic_city,2025-03-24,4,13,1,41.348571428571425,1.1885714285714286,202.8,0.0,0,330,0.0
electronic_city,2025-03-31,4,14,1,41.25285714285714,5.111428571428571,202.8,0.0,0,330,0.0
electronic_city,2025-04-07,4,15,1,41.11142857142857,8.871428571428572,202.8,0.0,0,330,0.0
electronic_city,2025-04-14,4,16,1,40.92285714285714,11.542857142857143,202.8,0.0,0,330,0.0
electronic_city,2025-04-21,4,17,1,40.69714285714286,12.518571428571429,202.8,0.0,0,330,0.0
electronic_city,2025-04-28,4,18,1,40.43857142857143,11.577142857142857,202.8,0.0,0,330,0.0
electronic_city,2025-05-05,4,19,1,40.144285714285715,8.932857142857143,202.8,0.0,0,330,0.0
electronic_city,2025-05-12,4,20,1,39.83,5.182857142857143,203.02,0.0,0,330,0.0
electronic_city,2025-05-19,4,21,1,39.49571428571429,1.25,209.1057142857143,0.0,0,330,0.0
electronic_city,2025-05-26,4,22,2,33.65,8.65857142857143,235.35999999999999,0.0,0,330,0.0
electronic_city,2025-06-02,4,23,2,33.308571428571426,6.751428571428571,242.77428571428572,0.0,0,330,0.0
electronic_city,2025-06-09,4,24,2,32.964285714285715,6.6971428571428575,248.92142857142858,0.0,0,330,0.0
electronic_city,2025-06-16,4,25,2,32.63285714285714,8.514285714285714,253.44,0.0,0,330,0.0
electronic_city,2025-06-23,4,26,2,32.32,11.785714285714286,256.07428571428574,0.0,0,330,0.0
electronic_city,2025-06-30,4,27,2,32.03142857142857,15.768571428571429,256.6657142857143,0.0,0,330,462.0
electronic_city,2025-07-07,4,28,2,31.77285714285714,19.551428571428573,255.18857142857146,5.0,0,330,815.1
electronic_city,2025-07-14,4,29,2,31.55142857142857,22.277142857142856,251.72142857142856,12.0,0,330,1039.5
electronic_city,2025-07-21,4,30,2,31.37,23.31714285714286,246.46714285714285,19.0,0,330,1039.5
electronic_city,2025-07-28,4,31,2,31.23428571428571,22.442857142857143,239.72857142857146,26.0,0,330,1039.5
electronic_city,2025-08-04,4,32,2,31.142857142857142,19.84857142857143,231.89857142857142,28.0,0,330,815.1
electronic_city,2025-08-11,4,33,2,31.102857142857143,16.127142857142857,223.57999999999998,28.0,0,330,462.0
electronic_city,2025-08-18,4,34,2,31.11285714285714,12.125714285714285,220.8,26.0,0,330,0.0
electronic_city,2025-08-25,4,35,2,31.172857142857143,8.757142857142856,220.8,19.0,0,330,0.0
electronic_city,2025-09-01,4,36,2,31.28142857142857,6.788571428571428,220.8,12.0,0,330,0.0
electronic_city,2025-09-08,4,37,2,31.435714285714287,6.667142857142857,220.8,5.0,0,330,0.0
electronic_city,2025-09-15,4,38,2,31.632857142857144,8.422857142857143,220.8,0.0,0,330,0.0
electronic_city,2025-09-22,4,39,2,31.87,11.652857142857142,220.8,0.0,0,330,0.0
electronic_city,2025-09-29,4,40,3,30.139999999999997,4.824285714285715,238.8,0.0,0,330,0.0
electronic_city,2025-10-06,4,41,3,30.43857142857143,8.631428571428572,238.8,0.0,0,330,0.0
electronic_city,2025-10-13,4,42,3,30.761428571428574,11.401428571428571,238.8,0.0,0,330,0.0
electronic_city,2025-10-20,4,43,3,31.09857142857143,12.514285714285714,238.8,0.0,0,330,0.0
electronic_city,2025-10-27,4,44,3,31.439999999999998,11.707142857142857,238.8,0.0,0,330,0.0
electronic_city,2025-11-03,4,45,3,31.79,9.164285714285715,238.8,0.0,0,330,0.0
electronic_city,2025-11-10,4,46,3,32.12714285714286,5.468571428571429,238.91000000000003,0.0,0,330,0.0
electronic_city,2025-11-17,4,47,3,32.455714285714286,1.487142857142857,244.49428571428572,0.0,0,330,0.0
electronic_city,2025-11-24,4,48,3,32.76285714285714,0.0,252.79285714285717,0.0,0,330,0.0
electronic_city,2025-12-01,4,49,0,33.04285714285714,0.0,206.28285714285715,0.0,0,330,0.0
electronic_city,2025-12-08,4,50,0,33.29285714285714,0.0,212.53285714285715,0.0,0,330,0.0
electronic_city,2025-12-15,4,51,0,33.502857142857145,0.0,217.17714285714285,0.0,0,330,0.0
electronic_city,2025-12-22,4,52,0,33.67,0.89,219.95142857142858,0.0,0,330,0.0
electronic_city,2025-12-29,4,1,0,32.542857142857144,4.678571428571429,220.69285714285715,0.0,0,330,0.0
electronic_city,2026-01-05,4,2,0,31.89428571428571,8.507142857142856,219.36142857142858,0.0,0,330,0.0
electronic_city,2026-01-12,4,3,0,32.23142857142857,11.33,216.03142857142856,0.0,0,330,0.0
electronic_city,2026-01-19,4,4,0,32.55285714285714,12.505714285714285,210.8957142857143,0.0,0,330,0.0
electronic_city,2026-01-26,4,5,0,32.85,11.767142857142858,204.25142857142856,0.0,0,330,0.0
electronic_city,2026-02-02,4,6,0,33.12285714285714,9.28,196.48428571428573,0.0,0,330,0.0
electronic_city,2026-02-09,4,7,0,33.36,5.614285714285714,188.10714285714286,0.0,0,330,0.0
electronic_city,2026-02-16,4,8,0,33.56,1.6085714285714285,184.8,0.0,0,330,0.0
electronic_city,2026-02-23,4,9,1,41.21714285714285,0.0,202.8,0.0,0,330,0.0
electronic_city,2026-03-02,4,10,1,41.325714285714284,0.0,202.8,0.0,0,330,0.0
electronic_city,2026-03-09,4,11,1,41.385714285714286,0.0,202.8,0.0,0,330,0.0
electronic_city,2026-03-16,4,12,1,41.39714285714285,0.0,202.8,0.0,0,330,0.0
electronic_city,2026-03-23,4,13,1,41.35857142857143,0.79,202.8,0.0,0,330,0.0
electronic_city,2026-03-30,4,14,1,41.305,3.08,202.8,0.0,0,330,0.0
hsr_layout,2024-04-01,2,14,1,41.25714285714286,6.727142857142858,216.0,0.0,1,620,0.0
hsr_layout,2024-04-08,2,15,1,41.10142857142857,10.787142857142856,216.0,0.0,1,620,0.0
hsr_layout,2024-04-15,2,16,1,40.902857142857144,13.354285714285714,216.0,0.0,1,620,0.0
hsr_layout,2024-04-22,2,17,1,40.66571428571429,13.85,216.0,0.0,1,620,0.0
hsr_layout,2024-04-29,2,18,1,40.39714285714285,12.162857142857144,216.0,0.0,1,620,0.0
hsr_layout,2024-05-06,2,19,1,40.097142857142856,8.667142857142858,216.0,0.0,1,620,0.0
hsr_layout,2024-05-13,2,20,1,39.77571428571429,4.171428571428572,217.14857142857142,0.0,1,620,0.0
hsr_layout,2024-05-20,2,21,1,39.43857142857143,0.37857142857142856,224.72285714285712,0.0,1,620,0.0
hsr_layout,2024-05-27,2,22,2,33.59142857142857,8.675714285714285,250.78428571428572,0.0,1,620,0.0
hsr_layout,2024-06-03,2,23,2,33.25,7.057142857142857,257.8771428571428,0.0,1,620,0.0
hsr_layout,2024-06-10,2,24,2,32.90857142857143,7.632857142857143,263.5914285714286,0.0,1,620,0.0
hsr_layout,2024-06-17,2,25,2,32.58142857142857,10.268571428571429,267.5942857142857,0.0,1,620,0.0
hsr_layout,2024-06-24,2,26,2,32.27428571428571,14.362857142857141,269.6542857142857,0.0,1,620,520.8
hsr_layout,2024-07-01,2,27,2,31.994285714285716,18.987142857142857,269.6542857142857,3.0,1,620,1426.0
hsr_layout,2024-07-08,2,28,2,31.745714285714286,23.08142857142857,267.5942857142857,10.0,1,620,1953.0
hsr_layout,2024-07-15,2,29,2,31.535714285714285,25.717142857142854,263.5914285714286,17.0,1,620,1953.0
hsr_layout,2024-07-22,2,30,2,31.365714285714287,26.292857142857144,257.87714285714287,24.0,1,620,1953.0
hsr_layout,2024-07-29,2,31,2,31.24285714285714,24.674285714285713,250.78428571428572,28.0,1,620,1953.0
hsr_layout,2024-08-05,2,32,2,31.16714285714286,21.235714285714288,242.72285714285712,28.0,1,620,1847.6
hsr_layout,2024-08-12,2,33,2,31.140000000000004,16.75857142857143,235.14857142857142,28.0,1,620,1041.6
hsr_layout,2024-08-19,2,34,2,31.165714285714284,12.262857142857143,234.0,27.0,1,620,0.0
hsr_layout,2024-08-26,2,35,2,31.238571428571426,8.767142857142856,234.0,20.0,1,620,0.0
hsr_layout,2024-09-02,2,36,2,31.361428571428572,7.08,234.0,13.0,1,620,0.0
hsr_layout,2024-09-09,2,37,2,31.527142857142856,7.575714285714286,234.0,6.0,1,620,0.0
hsr_layout,2024-09-16,2,38,2,31.737142857142857,10.142857142857142,234.0,0.0,1,620,0.0
hsr_layout,2024-09-23,2,39,2,31.984285714285715,14.202857142857143,234.0,0.0,1,620,347.2
hsr_layout,2024-09-30,2,40,3,30.262857142857143,6.401428571428572,252.0,2.0,1,620,0.0
hsr_layout,2024-10-07,2,41,3,30.568571428571428,10.535714285714286,252.0,2.0,1,620,0.0
hsr_layout,2024-10-14,2,42,3,30.895714285714288,13.235714285714286,252.0,2.0,1,620,0.0
hsr_layout,2024-10-21,2,43,3,31.235714285714288,13.89,252.0,2.0,1,620,0.0
hsr_layout,2024-10-28,2,44,3,31.580000000000002,12.35,252.0,0.0,1,620,0.0
hsr_layout,2024-11-04,2,45,3,31.927142857142858,8.964285714285714,252.0,0.0,1,620,0.0
hsr_layout,2024-11-11,2,46,3,32.26285714285714,4.505714285714285,252.86142857142858,0.0,1,620,0.0
hsr_layout,2024-11-18,2,47,3,32.58571428571429,0.5128571428571428,260.12,0.0,1,620,0.0
hsr_layout,2024-11-25,2,48,3,32.887142857142855,0.0,268.2371428571428,0.0,1,620,0.0
hsr_layout,2024-12-02,2,49,0,33.15714285714286,0.0,221.41142857142856,0.0,1,620,0.0
hsr_layout,2024-12-09,2,50,0,33.39714285714286,0.0,227.23714285714286,0.0,1,620,0.0
hsr_layout,2024-12-16,2,51,0,33.59571428571429,0.0,231.36999999999998,0.0,1,620,0.0
hsr_layout,2024-12-23,2,52,0,33.75,1.6614285714285715,233.5742857142857,0.0,1,620,0.0
hsr_layout,2024-12-30,2,1,0,32.30142857142857,5.775714285714286,233.82999999999998,0.0,1,620,0.0
hsr_layout,2025-01-06,2,2,0,31.982857142857142,9.87857142857143,232.2042857142857,0.0,1,620,0.0
hsr_layout,2025-01-13,2,3,0,32.318571428571424,12.891428571428571,228.60285714285715,0.0,1,620,0.0
hsr_layout,2025-01-20,2,4,0,32.637142857142855,13.937142857142858,223.23,0.0,1,620,0.0
hsr_layout,2025-01-27,2,5,0,32.93,12.777142857142858,216.40142857142857,0.0,1,620,0.0
hsr_layout,2025-02-03,2,6,0,33.2,9.672857142857142,208.50857142857143,0.0,1,620,0.0
hsr_layout,2025-02-10,2,7,0,33.43,5.337142857142857,200.31714285714287,0.0,1,620,0.0
hsr_layout,2025-02-17,2,8,0,33.62571428571429,0.9757142857142858,198.0,0.0,1,620,0.0
hsr_layout,2025-02-24,2,9,1,41.27571428571429,0.0,216.0,0.0,1,620,0.0
hsr_layout,2025-03-03,2,10,1,41.37714285714286,0.0,216.0,0.0,1,620,0.0
hsr_layout,2025-03-10,2,11,1,41.43,0.0,216.0,0.0,1,620,0.0
hsr_layout,2025-03-17,2,12,1,41.43428571428571,0.0,216.0,0.0,1,620,0.0
hsr_layout,2025-03-24,2,13,1,41.38857142857143,1.0371428571428571,216.0,0.0,1,620,0.0
hsr_layout,2025-03-31,2,14,1,41.292857142857144,5.418571428571428,216.0,0.0,1,620,0.0
hsr_layout,2025-04-07,2,15,1,41.151428571428575,9.742857142857144,216.0,0.0,1,620,0.0
hsr_layout,2025-04-14,2,16,1,40.962857142857146,12.815714285714284,216.0,0.0,1,620,0.0
hsr_layout,2025-04-21,2,17,1,40.737142857142864,13.935714285714285,216.0,0.0,1,620,0.0
hsr_layout,2025-04-28,2,18,1,40.478571428571435,12.854285714285714,216.0,0.0,1,620,0.0
hsr_layout,2025-05-05,2,19,1,40.184285714285714,9.81,216.0,0.0,1,620,0.0
hsr_layout,2025-05-12,2,20,1,39.87,5.5,216.22,0.0,1,620,0.0
hsr_layout,2025-05-19,2,21,1,39.535714285714285,1.092857142857143,222.30571428571426,0.0,1,620,0.0
hsr_layout,2025-05-26,2,22,2,33.690000000000005,9.5,248.56,0.0,1,620,0.0
hsr_layout,2025-06-02,2,23,2,33.348571428571425,7.3028571428571425,255.9742857142857,0.0,1,620,0.0
hsr_layout,2025-06-09,2,24,2,33.004285714285714,7.242857142857143,262.12142857142857,0.0,1,620,0.0
hsr_layout,2025-06-16,2,25,2,32.67285714285715,9.332857142857142,266.64,0.0,1,620,0.0
hsr_layout,2025-06-23,2,26,2,32.36,13.092857142857143,269.2742857142857,0.0,1,620,173.6
hsr_layout,2025-06-30,2,27,2,32.07142857142857,17.674285714285713,269.86571428571426,1.0,1,620,1215.2
hsr_layout,2025-07-07,2,28,2,31.812857142857144,22.024285714285714,268.3885714285714,8.0,1,620,1953.0
hsr_layout,2025-07-14,2,29,2,31.59142857142857,25.155714285714286,264.9214285714286,15.0,1,620,1953.0
hsr_layout,2025-07-21,2,30,2,31.41,26.35571428571429,259.6671428571429,22.0,1,620,1953.0
hsr_layout,2025-07-28,2,31,2,31.274285714285714,25.34857142857143,252.92857142857142,28.0,1,620,1953.0
hsr_layout,2025-08-04,2,32,2,31.18285714285714,22.365714285714287,245.09857142857143,28.0,1,620,1953.0
hsr_layout,2025-08-11,2,33,2,31.142857142857142,18.085714285714285,236.78,28.0,1,620,1320.6
hsr_layout,2025-08-18,2,34,2,31.15285714285714,13.487142857142857,234.0,28.0,1,620,173.6
hsr_layout,2025-08-25,2,35,2,31.212857142857143,9.61,234.0,22.0,1,620,0.0
hsr_layout,2025-09-01,2,36,2,31.321428571428573,7.347142857142857,234.0,15.0,1,620,0.0
hsr_layout,2025-09-08,2,37,2,31.475714285714282,7.208571428571429,234.0,8.0,1,620,0.0
hsr_layout,2025-09-15,2,38,2,31.672857142857143,9.222857142857142,234.0,1.0,1,620,0.0
hsr_layout,2025-09-22,2,39,2,31.91,12.941428571428572,234.0,0.0,1,620,0.0
hsr_layout,2025-09-29,2,40,3,30.18,5.085714285714286,252.0,0.0,1,620,0.0
hsr_layout,2025-10-06,2,41,3,30.478571428571428,9.462857142857143,252.0,0.0,1,620,0.0
hsr_layout,2025-10-13,2,42,3,30.801428571428573,12.654285714285715,252.0,0.0,1,620,0.0
hsr_layout,2025-10-20,2,43,3,31.138571428571428,13.930000000000001,252.0,0.0,1,620,0.0
hsr_layout,2025-10-27,2,44,3,31.479999999999997,13.004285714285714,252.0,0.0,1,620,0.0
hsr_layout,2025-11-03,2,45,3,31.830000000000002,10.08,252.0,0.0,1,620,0.0
hsr_layout,2025-11-10,2,46,3,32.167142857142856,5.832857142857143,252.10999999999999,0.0,1,620,0.0
hsr_layout,2025-11-17,2,47,3,32.495714285714286,1.3214285714285714,257.6942857142857,0.0,1,620,0.0
hsr_layout,2025-11-24,2,48,3,32.80285714285714,0.0,265.99285714285713,0.0,1,620,0.0
hsr_layout,2025-12-01,2,49,0,33.082857142857144,0.0,219.4828571428571,0.0,1,620,0.0
hsr_layout,2025-12-08,2,50,0,33.332857142857144,0.0,225.73285714285717,0.0,1,620,0.0
hsr_layout,2025-12-15,2,51,0,33.542857142857144,0.0,230.37714285714284,0.0,1,620,0.0
hsr_layout,2025-12-22,2,52,0,33.71,0.7342857142857143,233.15142857142857,0.0,1,620,0.0
hsr_layout,2025-12-29,2,1,0,32.582857142857144,4.92,233.89285714285714,0.0,1,620,0.0
hsr_layout,2026-01-05,2,2,0,31.934285714285714,9.322857142857144,232.56142857142854,0.0,1,620,0.0
hsr_layout,2026-01-12,2,3,0,32.27142857142857,12.56857142857143,229.23142857142855,0.0,1,620,0.0
hsr_layout,2026-01-19,2,4,0,32.59285714285714,13.922857142857142,224.0957142857143,0.0,1,620,0.0
hsr_layout,2026-01-26,2,5,0,32.89,13.074285714285713,217.45142857142858,0.0,1,620,0.0
hsr_layout,2026-02-02,2,6,0,33.16285714285714,10.211428571428572,209.68428571428572,0.0,1,620,0.0
hsr_layout,2026-02-09,2,7,0,33.4,5.997142857142856,201.30714285714288,0.0,1,620,0.0
hsr_layout,2026-02-16,2,8,0,33.6,1.4514285714285715,198.0,0.0,1,620,0.0
hsr_layout,2026-02-23,2,9,1,41.25714285714286,0.0,216.0,0.0,1,620,0.0
hsr_layout,2026-03-02,2,10,1,41.36571428571428,0.0,216.0,0.0,1,620,0.0
hsr_layout,2026-03-09,2,11,1,41.425714285714285,0.0,216.0,0.0,1,620,0.0
hsr_layout,2026-03-16,2,12,1,41.43714285714286,0.0,216.0,0.0,1,620,0.0
hsr_layout,2026-03-23,2,13,1,41.39857142857143,0.6442857142857142,216.0,0.0,1,620,0.0
hsr_layout,2026-03-30,2,14,1,41.345,3.08,216.0,0.0,1,620,0.0
hsr_layout,2024-04-01,2,14,1,41.21714285714285,5.8500000000000005,198.0,0.0,0,380,0.0
hsr_layout,2024-04-08,2,15,1,41.06142857142857,9.37857142857143,198.0,0.0,0,380,0.0
hsr_layout,2024-04-15,2,16,1,40.862857142857145,11.611428571428572,198.0,0.0,0,380,0.0
hsr_layout,2024-04-22,2,17,1,40.62571428571429,12.044285714285715,198.0,0.0,0,380,0.0
hsr_layout,2024-04-29,2,18,1,40.357142857142854,10.575714285714286,198.0,0.0,0,380,0.0
hsr_layout,2024-05-06,2,19,1,40.05714285714286,7.54,198.0,0.0,0,380,0.0
hsr_layout,2024-05-13,2,20,1,39.73571428571428,3.6271428571428572,199.14857142857142,0.0,0,380,0.0
hsr_layout,2024-05-20,2,21,1,39.39857142857143,0.3285714285714286,206.72285714285712,0.0,0,380,0.0
hsr_layout,2024-05-27,2,22,2,33.55142857142857,7.542857142857143,232.78428571428572,0.0,0,380,0.0
hsr_layout,2024-06-03,2,23,2,33.21,6.137142857142857,239.87714285714287,0.0,0,380,0.0
hsr_layout,2024-06-10,2,24,2,32.86857142857143,6.635714285714286,245.5914285714286,0.0,0,380,0.0
hsr_layout,2024-06-17,2,25,2,32.541428571428575,8.928571428571429,249.59428571428572,0.0,0,380,0.0
hsr_layout,2024-06-24,2,26,2,32.23428571428571,12.49,251.6542857142857,0.0,0,380,0.0
hsr_layout,2024-07-01,2,27,2,31.954285714285714,16.51,251.6542857142857,0.0,0,380,638.4
hsr_layout,2024-07-08,2,28,2,31.705714285714286,20.071428571428573,249.59428571428572,6.0,0,380,1003.2
hsr_layout,2024-07-15,2,29,2,31.495714285714286,22.364285714285717,245.5914285714286,13.0,0,380,1197.0
hsr_layout,2024-07-22,2,30,2,31.325714285714287,22.86285714285714,239.87714285714287,20.0,0,380,1197.0
hsr_layout,2024-07-29,2,31,2,31.202857142857145,21.457142857142856,232.78428571428572,27.0,0,380,1197.0
hsr_layout,2024-08-05,2,32,2,31.127142857142854,18.467142857142857,224.72285714285712,28.0,0,380,744.8
hsr_layout,2024-08-12,2,33,2,31.1,14.572857142857144,217.14857142857142,28.0,0,380,319.2
hsr_layout,2024-08-19,2,34,2,31.125714285714285,10.66,216.0,24.0,0,380,0.0
hsr_layout,2024-08-26,2,35,2,31.198571428571427,7.6242857142857146,216.0,17.0,0,380,0.0
hsr_layout,2024-09-02,2,36,2,31.321428571428573,6.155714285714285,216.0,10.0,0,380,0.0
hsr_layout,2024-09-09,2,37,2,31.487142857142857,6.588571428571429,216.0,3.0,0,380,0.0
hsr_layout,2024-09-16,2,38,2,31.697142857142858,8.821428571428571,216.0,0.0,0,380,0.0
hsr_layout,2024-09-23,2,39,2,31.944285714285716,12.35,216.0,0.0,0,380,0.0
hsr_layout,2024-09-30,2,40,3,30.222857142857144,5.57,234.0,0.0,0,380,0.0
hsr_layout,2024-10-07,2,41,3,30.528571428571432,9.161428571428571,234.0,0.0,0,380,0.0
hsr_layout,2024-10-14,2,42,3,30.85571428571429,11.508571428571429,234.0,0.0,0,380,0.0
hsr_layout,2024-10-21,2,43,3,31.195714285714285,12.078571428571427,234.0,0.0,0,380,0.0
hsr_layout,2024-10-28,2,44,3,31.54,10.74,234.0,0.0,0,380,0.0
hsr_layout,2024-11-04,2,45,3,31.88714285714286,7.791428571428571,234.0,0.0,0,380,0.0
hsr_layout,2024-11-11,2,46,3,32.222857142857144,3.915714285714286,234.86142857142858,0.0,0,380,0.0
hsr_layout,2024-11-18,2,47,3,32.54571428571428,0.4471428571428571,242.11999999999998,0.0,0,380,0.0
hsr_layout,2024-11-25,2,48,3,32.847142857142856,0.0,250.23714285714286,0.0,0,380,0.0
hsr_layout,2024-12-02,2,49,0,33.11714285714286,0.0,203.41142857142856,0.0,0,380,0.0
hsr_layout,2024-12-09,2,50,0,33.357142857142854,0.0,209.23714285714286,0.0,0,380,0.0
hsr_layout,2024-12-16,2,51,0,33.55571428571428,0.0,213.36999999999998,0.0,0,380,0.0
hsr_layout,2024-12-23,2,52,0,33.71,1.445714285714286,215.5742857142857,0.0,0,380,0.0
hsr_layout,2024-12-30,2,1,0,32.26142857142857,5.021428571428571,215.82999999999998,0.0,0,380,0.0
hsr_layout,2025-01-06,2,2,0,31.942857142857147,8.59,214.2042857142857,0.0,0,380,0.0
hsr_layout,2025-01-13,2,3,0,32.278571428571425,11.209999999999999,210.60285714285715,0.0,0,380,0.0
hsr_layout,2025-01-20,2,4,0,32.597142857142856,12.118571428571428,205.23,0.0,0,380,0.0
hsr_layout,2025-01-27,2,5,0,32.89,11.108571428571429,198.40142857142857,0.0,0,380,0.0
hsr_layout,2025-02-03,2,6,0,33.160000000000004,8.411428571428571,190.50857142857143,0.0,0,380,0.0
hsr_layout,2025-02-10,2,7,0,33.39,4.6414285714285715,182.31714285714287,0.0,0,380,0.0
hsr_layout,2025-02-17,2,8,0,33.58571428571428,0.8514285714285714,180.0,0.0,0,380,0.0
hsr_layout,2025-02-24,2,9,1,41.23571428571428,0.0,198.0,0.0,0,380,0.0
hsr_layout,2025-03-03,2,10,1,41.33714285714286,0.0,198.0,0.0,0,380,0.0
hsr_layout,2025-03-10,2,11,1,41.39,0.0,198.0,0.0,0,380,0.0
hsr_layout,2025-03-17,2,12,1,41.394285714285715,0.0,198.0,0.0,0,380,0.0
hsr_layout,2025-03-24,2,13,1,41.348571428571425,0.8985714285714286,198.0,0.0,0,380,0.0
hsr_layout,2025-03-31,2,14,1,41.25285714285714,4.711428571428571,198.0,0.0,0,380,0.0
hsr_layout,2025-04-07,2,15,1,41.11142857142857,8.471428571428572,198.0,0.0,0,380,0.0
hsr_layout,2025-04-14,2,16,1,40.92285714285714,11.142857142857142,198.0,0.0,0,380,0.0
hsr_layout,2025-04-21,2,17,1,40.69714285714286,12.118571428571428,198.0,0.0,0,380,0.0
hsr_layout,2025-04-28,2,18,1,40.43857142857143,11.177142857142858,198.0,0.0,0,380,0.0
hsr_layout,2025-05-05,2,19,1,40.144285714285715,8.532857142857143,198.0,0.0,0,380,0.0
hsr_layout,2025-05-12,2,20,1,39.83,4.782857142857144,198.22,0.0,0,380,0.0
hsr_layout,2025-05-19,2,21,1,39.49571428571429,0.9500000000000001,204.30571428571426,0.0,0,380,0.0
hsr_layout,2025-05-26,2,22,2,33.65,8.258571428571429,230.56,0.0,0,380,0.0
hsr_layout,2025-06-02,2,23,2,33.308571428571426,6.351428571428571,237.9742857142857,0.0,0,380,0.0
hsr_layout,2025-06-09,2,24,2,32.964285714285715,6.297142857142857,244.12142857142857,0.0,0,380,0.0
hsr_layout,2025-06-16,2,25,2,32.63285714285714,8.114285714285714,248.64000000000001,0.0,0,380,0.0
hsr_layout,2025-06-23,2,26,2,32.32,11.385714285714286,251.27428571428572,0.0,0,380,0.0
hsr_layout,2025-06-30,2,27,2,32.03142857142857,15.368571428571428,251.8657142857143,0.0,0,380,425.6
hsr_layout,2025-07-07,2,28,2,31.77285714285714,19.15142857142857,250.38857142857142,4.0,0,380,874.0
hsr_layout,2025-07-14,2,29,2,31.55142857142857,21.877142857142854,246.92142857142858,11.0,0,380,1197.0
hsr_layout,2025-07-21,2,30,2,31.37,22.91714285714286,241.66714285714286,18.0,0,380,1197.0
hsr_layout,2025-07-28,2,31,2,31.23428571428571,22.042857142857144,234.92857142857142,25.0,0,380,1197.0
hsr_layout,2025-08-04,2,32,2,31.142857142857142,19.44857142857143,227.09857142857143,28.0,0,380,874.0
hsr_layout,2025-08-11,2,33,2,31.102857142857143,15.727142857142857,218.78,28.0,0,380,532.0
hsr_layout,2025-08-18,2,34,2,31.11285714285714,11.725714285714286,216.0,26.0,0,380,0.0
hsr_layout,2025-08-25,2,35,2,31.172857142857143,8.357142857142858,216.0,19.0,0,380,0.0
hsr_layout,2025-09-01,2,36,2,31.28142857142857,6.388571428571429,216.0,12.0,0,380,0.0
hsr_layout,2025-09-08,2,37,2,31.435714285714287,6.267142857142857,216.0,5.0,0,380,0.0
hsr_layout,2025-09-15,2,38,2,31.632857142857144,8.022857142857143,216.0,0.0,0,380,0.0
hsr_layout,2025-09-22,2,39,2,31.87,11.252857142857142,216.0,0.0,0,380,0.0
hsr_layout,2025-09-29,2,40,3,30.139999999999997,4.424285714285714,234.0,0.0,0,380,0.0
hsr_layout,2025-10-06,2,41,3,30.43857142857143,8.231428571428571,234.0,0.0,0,380,0.0
hsr_layout,2025-10-13,2,42,3,30.761428571428574,11.001428571428573,234.0,0.0,0,380,0.0
hsr_layout,2025-10-20,2,43,3,31.09857142857143,12.114285714285714,234.0,0.0,0,380,0.0
hsr_layout,2025-10-27,2,44,3,31.439999999999998,11.307142857142859,234.0,0.0,0,380,0.0
hsr_layout,2025-11-03,2,45,3,31.79,8.764285714285714,234.0,0.0,0,380,0.0
hsr_layout,2025-11-10,2,46,3,32.12714285714286,5.0685714285714285,234.10999999999999,0.0,0,380,0.0
hsr_layout,2025-11-17,2,47,3,32.455714285714286,1.1500000000000001,239.6942857142857,0.0,0,380,0.0
hsr_layout,2025-11-24,2,48,3,32.76285714285714,0.0,247.99285714285716,0.0,0,380,0.0
hsr_layout,2025-12-01,2,49,0,33.04285714285714,0.0,201.4828571428571,0.0,0,380,0.0
hsr_layout,2025-12-08,2,50,0,33.29285714285714,0.0,207.73285714285717,0.0,0,380,0.0
hsr_layout,2025-12-15,2,51,0,33.502857142857145,0.0,212.37714285714284,0.0,0,380,0.0
hsr_layout,2025-12-22,2,52,0,33.67,0.6385714285714286,215.15142857142857,0.0,0,380,0.0
hsr_layout,2025-12-29,2,1,0,32.542857142857144,4.278571428571429,215.89285714285714,0.0,0,380,0.0
hsr_layout,2026-01-05,2,2,0,31.89428571428571,8.107142857142858,214.56142857142854,0.0,0,380,0.0
hsr_layout,2026-01-12,2,3,0,32.23142857142857,10.929999999999998,211.23142857142855,0.0,0,380,0.0
hsr_layout,2026-01-19,2,4,0,32.55285714285714,12.105714285714285,206.0957142857143,0.0,0,380,0.0
hsr_layout,2026-01-26,2,5,0,32.85,11.367142857142856,199.45142857142858,0.0,0,380,0.0
hsr_layout,2026-02-02,2,6,0,33.12285714285714,8.88,191.68428571428572,0.0,0,380,0.0
hsr_layout,2026-02-09,2,7,0,33.36,5.214285714285714,183.30714285714288,0.0,0,380,0.0
hsr_layout,2026-02-16,2,8,0,33.56,1.2657142857142856,180.0,0.0,0,380,0.0
hsr_layout,2026-02-23,2,9,1,41.21714285714285,0.0,198.0,0.0,0,380,0.0
hsr_layout,2026-03-02,2,10,1,41.325714285714284,0.0,198.0,0.0,0,380,0.0
hsr_layout,2026-03-09,2,11,1,41.385714285714286,0.0,198.0,0.0,0,380,0.0
hsr_layout,2026-03-16,2,12,1,41.39714285714285,0.0,198.0,0.0,0,380,0.0
hsr_layout,2026-03-23,2,13,1,41.35857142857143,0.5571428571428572,198.0,0.0,0,380,0.0
hsr_layout,2026-03-30,2,14,1,41.305,2.68,198.0,0.0,0,380,0.0
indiranagar,2024-04-01,1,14,1,41.25714285714286,6.382857142857143,212.4,0.0,1,720,0.0
indiranagar,2024-04-08,1,15,1,41.10142857142857,10.438571428571427,212.4,0.0,1,720,0.0
indiranagar,2024-04-15,1,16,1,40.902857142857144,13.012857142857143,212.4,0.0,1,720,0.0
indiranagar,2024-04-22,1,17,1,40.66571428571429,13.507142857142856,212.4,0.0,1,720,0.0
indiranagar,2024-04-29,1,18,1,40.39714285714285,11.814285714285715,212.4,0.0,1,720,0.0
indiranagar,2024-05-06,1,19,1,40.097142857142856,8.325714285714286,212.4,0.0,1,720,0.0
indiranagar,2024-05-13,1,20,1,39.77571428571429,3.825714285714286,213.54857142857145,0.0,1,720,0.0
indiranagar,2024-05-20,1,21,1,39.43857142857143,0.24285714285714285,221.12285714285713,0.0,1,720,0.0
indiranagar,2024-05-27,1,22,2,33.59142857142857,8.327142857142857,247.18428571428572,0.0,1,720,0.0
indiranagar,2024-06-03,1,23,2,33.25,6.7128571428571435,254.27714285714288,0.0,1,720,0.0
indiranagar,2024-06-10,1,24,2,32.90857142857143,7.2871428571428565,259.99142857142857,0.0,1,720,0.0
indiranagar,2024-06-17,1,25,2,32.58142857142857,9.922857142857142,263.9942857142857,0.0,1,720,0.0
indiranagar,2024-06-24,1,26,2,32.27428571428571,14.02,266.05428571428575,0.0,1,720,403.2
indiranagar,2024-07-01,1,27,2,31.994285714285716,18.639999999999997,266.05428571428575,2.0,1,720,1533.6
indiranagar,2024-07-08,1,28,2,31.745714285714286,22.737142857142857,263.9942857142857,9.0,1,720,2268.0
indiranagar,2024-07-15,1,29,2,31.535714285714285,25.372857142857146,259.99142857142857,16.0,1,720,2268.0
indiranagar,2024-07-22,1,30,2,31.365714285714287,25.947142857142858,254.27714285714288,23.0,1,720,2268.0
indiranagar,2024-07-29,1,31,2,31.24285714285714,24.33285714285714,247.18428571428572,28.0,1,720,2268.0
indiranagar,2024-08-05,1,32,2,31.16714285714286,20.89428571428571,239.12285714285713,28.0,1,720,2023.2
indiranagar,2024-08-12,1,33,2,31.140000000000004,16.414285714285715,231.54857142857145,28.0,1,720,1209.6
indiranagar,2024-08-19,1,34,2,31.165714285714284,11.914285714285715,230.4,27.0,1,720,0.0
indiranagar,2024-08-26,1,35,2,31.238571428571426,8.425714285714285,230.4,20.0,1,720,0.0
indiranagar,2024-09-02,1,36,2,31.361428571428572,6.732857142857143,230.4,13.0,1,720,0.0
indiranagar,2024-09-09,1,37,2,31.527142857142856,7.227142857142858,230.4,6.0,1,720,0.0
indiranagar,2024-09-16,1,38,2,31.737142857142857,9.801428571428572,230.4,0.0,1,720,0.0
indiranagar,2024-09-23,1,39,2,31.984285714285715,13.857142857142858,230.4,0.0,1,720,403.2
indiranagar,2024-09-30,1,40,3,30.262857142857143,6.0600000000000005,248.4,2.0,1,720,0.0
indiranagar,2024-10-07,1,41,3,30.568571428571428,10.19,248.4,2.0,1,720,0.0
indiranagar,2024-10-14,1,42,3,30.895714285714288,12.89,248.4,2.0,1,720,0.0
indiranagar,2024-10-21,1,43,3,31.235714285714288,13.545714285714286,248.4,2.0,1,720,0.0
indiranagar,2024-10-28,1,44,3,31.580000000000002,12.004285714285714,248.4,0.0,1,720,0.0
indiranagar,2024-11-04,1,45,3,31.927142857142858,8.617142857142857,248.4,0.0,1,720,0.0
indiranagar,2024-11-11,1,46,3,32.26285714285714,4.158571428571428,249.26142857142855,0.0,1,720,0.0
indiranagar,2024-11-18,1,47,3,32.58571428571429,0.3671428571428571,256.52000000000004,0.0,1,720,0.0
indiranagar,2024-11-25,1,48,3,32.887142857142855,0.0,264.63714285714286,0.0,1,720,0.0
indiranagar,2024-12-02,1,49,0,33.15714285714286,0.0,217.8114285714286,0.0,1,720,0.0
indiranagar,2024-12-09,1,50,0,33.39714285714286,0.0,223.63714285714286,0.0,1,720,0.0
indiranagar,2024-12-16,1,51,0,33.59571428571429,0.0,227.76999999999998,0.0,1,720,0.0
indiranagar,2024-12-23,1,52,0,33.75,1.3685714285714285,229.9742857142857,0.0,1,720,0.0
indiranagar,2024-12-30,1,1,0,32.30142857142857,5.43,230.23000000000002,0.0,1,720,0.0
indiranagar,2025-01-06,1,2,0,31.982857142857142,9.534285714285714,228.6042857142857,0.0,1,720,0.0
indiranagar,2025-01-13,1,3,0,32.318571428571424,12.545714285714284,225.00285714285715,0.0,1,720,0.0
indiranagar,2025-01-20,1,4,0,32.637142857142855,13.59,219.62999999999997,0.0,1,720,0.0
indiranagar,2025-01-27,1,5,0,32.93,12.430000000000001,212.8014285714286,0.0,1,720,0.0
indiranagar,2025-02-03,1,6,0,33.2,9.328571428571427,204.90857142857143,0.0,1,720,0.0
indiranagar,2025-02-10,1,7,0,33.43,4.991428571428571,196.71714285714285,0.0,1,720,0.0
indiranagar,2025-02-17,1,8,0,33.62571428571429,0.7657142857142857,194.4,0.0,1,720,0.0
indiranagar,2025-02-24,1,9,1,41.27571428571429,0.0,212.4,0.0,1,720,0.0
indiranagar,2025-03-03,1,10,1,41.37714285714286,0.0,212.4,0.0,1,720,0.0
indiranagar,2025-03-10,1,11,1,41.43,0.0,212.4,0.0,1,720,0.0
indiranagar,2025-03-17,1,12,1,41.43428571428571,0.0,212.4,0.0,1,720,0.0
indiranagar,2025-03-24,1,13,1,41.38857142857143,0.8114285714285714,212.4,0.0,1,720,0.0
indiranagar,2025-03-31,1,14,1,41.292857142857144,5.074285714285715,212.4,0.0,1,720,0.0
indiranagar,2025-04-07,1,15,1,41.151428571428575,9.395714285714286,212.4,0.0,1,720,0.0
indiranagar,2025-04-14,1,16,1,40.962857142857146,12.471428571428572,212.4,0.0,1,720,0.0
indiranagar,2025-04-21,1,17,1,40.737142857142864,13.592857142857143,212.4,0.0,1,720,0.0
indiranagar,2025-04-28,1,18,1,40.478571428571435,12.508571428571429,212.4,0.0,1,720,0.0
indiranagar,2025-05-05,1,19,1,40.184285714285714,9.465714285714284,212.4,0.0,1,720,0.0
indiranagar,2025-05-12,1,20,1,39.87,5.1571428571428575,212.62000000000003,0.0,1,720,0.0
indiranagar,2025-05-19,1,21,1,39.535714285714285,0.8571428571428571,218.7057142857143,0.0,1,720,0.0
indiranagar,2025-05-26,1,22,2,33.690000000000005,9.15,244.96,0.0,1,720,0.0
indiranagar,2025-06-02,1,23,2,33.348571428571425,6.958571428571429,252.3742857142857,0.0,1,720,0.0
indiranagar,2025-06-09,1,24,2,33.004285714285714,6.897142857142858,258.5214285714286,0.0,1,720,0.0
indiranagar,2025-06-16,1,25,2,32.67285714285715,8.987142857142857,263.04,0.0,1,720,0.0
indiranagar,2025-06-23,1,26,2,32.36,12.751428571428573,265.6742857142857,0.0,1,720,0.0
indiranagar,2025-06-30,1,27,2,32.07142857142857,17.327142857142857,266.2657142857143,0.0,1,720,1411.2
indiranagar,2025-07-07,1,28,2,31.812857142857144,21.68,264.7885714285714,7.0,1,720,2145.6
indiranagar,2025-07-14,1,29,2,31.59142857142857,24.81142857142857,261.32142857142856,14.0,1,720,2268.0
indiranagar,2025-07-21,1,30,2,31.41,26.009999999999998,256.06714285714287,21.0,1,720,2268.0
indiranagar,2025-07-28,1,31,2,31.274285714285714,25.004285714285714,249.32857142857142,28.0,1,720,2268.0
indiranagar,2025-08-04,1,32,2,31.18285714285714,22.024285714285714,241.49857142857144,28.0,1,720,2268.0
indiranagar,2025-08-11,1,33,2,31.142857142857142,17.742857142857144,233.18,28.0,1,720,1411.2
indiranagar,2025-08-18,1,34,2,31.15285714285714,13.14,230.4,28.0,1,720,201.6
indiranagar,2025-08-25,1,35,2,31.212857142857143,9.267142857142858,230.4,22.0,1,720,0.0
indiranagar,2025-09-01,1,36,2,31.321428571428573,7.0,230.4,15.0,1,720,0.0
indiranagar,2025-09-08,1,37,2,31.475714285714282,6.859999999999999,230.4,8.0,1,720,0.0
indiranagar,2025-09-15,1,38,2,31.672857142857143,8.881428571428572,230.4,1.0,1,720,0.0
indiranagar,2025-09-22,1,39,2,31.91,12.595714285714285,230.4,0.0,1,720,0.0
indiranagar,2025-09-29,1,40,3,30.18,4.742857142857143,248.4,0.0,1,720,0.0
indiranagar,2025-10-06,1,41,3,30.478571428571428,9.120000000000001,248.4,0.0,1,720,0.0
indiranagar,2025-10-13,1,42,3,30.801428571428573,12.308571428571428,248.4,0.0,1,720,0.0
indiranagar,2025-10-20,1,43,3,31.138571428571428,13.585714285714285,248.4,0.0,1,720,0.0
indiranagar,2025-10-27,1,44,3,31.479999999999997,12.655714285714286,248.4,0.0,1,720,0.0
indiranagar,2025-11-03,1,45,3,31.830000000000002,9.734285714285715,248.4,0.0,1,720,0.0
indiranagar,2025-11-10,1,46,3,32.167142857142856,5.485714285714286,248.51,0.0,1,720,0.0
indiranagar,2025-11-17,1,47,3,32.495714285714286,1.0771428571428572,254.09428571428572,0.0,1,720,0.0
indiranagar,2025-11-24,1,48,3,32.80285714285714,0.0,262.39285714285717,0.0,1,720,0.0
indiranagar,2025-12-01,1,49,0,33.082857142857144,0.0,215.88285714285715,0.0,1,720,0.0
indiranagar,2025-12-08,1,50,0,33.332857142857144,0.0,222.13285714285715,0.0,1,720,0.0
indiranagar,2025-12-15,1,51,0,33.542857142857144,0.0,226.77714285714288,0.0,1,720,0.0
indiranagar,2025-12-22,1,52,0,33.71,0.5385714285714285,229.5514285714286,0.0,1,720,0.0
indiranagar,2025-12-29,1,1,0,32.582857142857144,4.575714285714286,230.29285714285714,0.0,1,720,0.0
indiranagar,2026-01-05,1,2,0,31.934285714285714,8.97857142857143,228.96142857142857,0.0,1,720,0.0
indiranagar,2026-01-12,1,3,0,32.27142857142857,12.224285714285713,225.6314285714286,0.0,1,720,0.0
indiranagar,2026-01-19,1,4,0,32.59285714285714,13.575714285714286,220.49571428571429,0.0,1,720,0.0
indiranagar,2026-01-26,1,5,0,32.89,12.725714285714286,213.85142857142858,0.0,1,720,0.0
indiranagar,2026-02-02,1,6,0,33.16285714285714,9.868571428571428,206.08428571428573,0.0,1,720,0.0
indiranagar,2026-02-09,1,7,0,33.4,5.6499999999999995,197.70714285714286,0.0,1,720,0.0
indiranagar,2026-02-16,1,8,0,33.6,1.1928571428571428,194.4,0.0,1,720,0.0
indiranagar,2026-02-23,1,9,1,41.25714285714286,0.0,212.4,0.0,1,720,0.0
indiranagar,2026-03-02,1,10,1,41.36571428571428,0.0,212.4,0.0,1,720,0.0
indiranagar,2026-03-09,1,11,1,41.425714285714285,0.0,212.4,0.0,1,720,0.0
indiranagar,2026-03-16,1,12,1,41.43714285714286,0.0,212.4,0.0,1,720,0.0
indiranagar,2026-03-23,1,13,1,41.39857142857143,0.4685714285714286,212.4,0.0,1,720,0.0
indiranagar,2026-03-30,1,14,1,41.345,2.735,212.4,0.0,1,720,0.0
indiranagar,2024-04-01,1,14,1,41.21714285714285,5.55,194.4,0.0,0,450,0.0
indiranagar,2024-04-08,1,15,1,41.06142857142857,9.078571428571427,194.4,0.0,0,450,0.0
indiranagar,2024-04-15,1,16,1,40.862857142857145,11.311428571428573,194.4,0.0,0,450,0.0
indiranagar,2024-04-22,1,17,1,40.62571428571429,11.744285714285715,194.4,0.0,0,450,0.0
indiranagar,2024-04-29,1,18,1,40.357142857142854,10.275714285714285,194.4,0.0,0,450,0.0
indiranagar,2024-05-06,1,19,1,40.05714285714286,7.24,194.4,0.0,0,450,0.0
indiranagar,2024-05-13,1,20,1,39.73571428571428,3.3271428571428574,195.54857142857145,0.0,0,450,0.0
indiranagar,2024-05-20,1,21,1,39.39857142857143,0.21142857142857144,203.12285714285713,0.0,0,450,0.0
indiranagar,2024-05-27,1,22,2,33.55142857142857,7.242857142857143,229.18428571428572,0.0,0,450,0.0
indiranagar,2024-06-03,1,23,2,33.21,5.837142857142857,236.27714285714288,0.0,0,450,0.0
indiranagar,2024-06-10,1,24,2,32.86857142857143,6.335714285714286,241.99142857142857,0.0,0,450,0.0
indiranagar,2024-06-17,1,25,2,32.541428571428575,8.628571428571428,245.99428571428572,0.0,0,450,0.0
indiranagar,2024-06-24,1,26,2,32.23428571428571,12.19,248.0542857142857,0.0,0,450,0.0
indiranagar,2024-07-01,1,27,2,31.954285714285714,16.21,248.0542857142857,0.0,0,450,756.0
indiranagar,2024-07-08,1,28,2,31.705714285714286,19.771428571428572,245.99428571428572,6.0,0,450,1111.5
indiranagar,2024-07-15,1,29,2,31.495714285714286,22.064285714285713,241.99142857142857,13.0,0,450,1417.5
indiranagar,2024-07-22,1,30,2,31.325714285714287,22.562857142857144,236.27714285714288,20.0,0,450,1417.5
indiranagar,2024-07-29,1,31,2,31.202857142857145,21.157142857142855,229.18428571428572,27.0,0,450,1417.5
indiranagar,2024-08-05,1,32,2,31.127142857142854,18.167142857142856,221.12285714285713,28.0,0,450,882.0
indiranagar,2024-08-12,1,33,2,31.1,14.272857142857143,213.54857142857145,28.0,0,450,252.0
indiranagar,2024-08-19,1,34,2,31.125714285714285,10.36,212.4,23.0,0,450,0.0
indiranagar,2024-08-26,1,35,2,31.198571428571427,7.324285714285715,212.4,16.0,0,450,0.0
indiranagar,2024-09-02,1,36,2,31.321428571428573,5.855714285714286,212.4,9.0,0,450,0.0
indiranagar,2024-09-09,1,37,2,31.487142857142857,6.288571428571429,212.4,2.0,0,450,0.0
indiranagar,2024-09-16,1,38,2,31.697142857142858,8.521428571428572,212.4,0.0,0,450,0.0
indiranagar,2024-09-23,1,39,2,31.944285714285716,12.049999999999999,212.4,0.0,0,450,0.0
indiranagar,2024-09-30,1,40,3,30.222857142857144,5.2700000000000005,230.4,0.0,0,450,0.0
indiranagar,2024-10-07,1,41,3,30.528571428571432,8.861428571428572,230.4,0.0,0,450,0.0
indiranagar,2024-10-14,1,42,3,30.85571428571429,11.20857142857143,230.4,0.0,0,450,0.0
indiranagar,2024-10-21,1,43,3,31.195714285714285,11.778571428571428,230.4,0.0,0,450,0.0
indiranagar,2024-10-28,1,44,3,31.54,10.44,230.4,0.0,0,450,0.0
indiranagar,2024-11-04,1,45,3,31.88714285714286,7.491428571428571,230.4,0.0,0,450,0.0
indiranagar,2024-11-11,1,46,3,32.222857142857144,3.615714285714286,231.26142857142855,0.0,0,450,0.0
indiranagar,2024-11-18,1,47,3,32.54571428571428,0.31857142857142856,238.52,0.0,0,450,0.0
indiranagar,2024-11-25,1,48,3,32.847142857142856,0.0,246.63714285714286,0.0,0,450,0.0
indiranagar,2024-12-02,1,49,0,33.11714285714286,0.0,199.8114285714286,0.0,0,450,0.0
indiranagar,2024-12-09,1,50,0,33.357142857142854,0.0,205.63714285714286,0.0,0,450,0.0
indiranagar,2024-12-16,1,51,0,33.55571428571428,0.0,209.76999999999998,0.0,0,450,0.0
indiranagar,2024-12-23,1,52,0,33.71,1.19,211.9742857142857,0.0,0,450,0.0
indiranagar,2024-12-30,1,1,0,32.26142857142857,4.721428571428571,212.23000000000002,0.0,0,450,0.0
indiranagar,2025-01-06,1,2,0,31.942857142857147,8.290000000000001,210.6042857142857,0.0,0,450,0.0
indiranagar,2025-01-13,1,3,0,32.278571428571425,10.91,207.00285714285715,0.0,0,450,0.0
indiranagar,2025-01-20,1,4,0,32.597142857142856,11.81857142857143,201.62999999999997,0.0,0,450,0.0
indiranagar,2025-01-27,1,5,0,32.89,10.808571428571428,194.8014285714286,0.0,0,450,0.0
indiranagar,2025-02-03,1,6,0,33.160000000000004,8.111428571428572,186.90857142857143,0.0,0,450,0.0
indiranagar,2025-02-10,1,7,0,33.39,4.341428571428572,178.71714285714285,0.0,0,450,0.0
indiranagar,2025-02-17,1,8,0,33.58571428571428,0.6671428571428571,176.4,0.0,0,450,0.0
indiranagar,2025-02-24,1,9,1,41.23571428571428,0.0,194.4,0.0,0,450,0.0
indiranagar,2025-03-03,1,10,1,41.33714285714286,0.0,194.4,0.0,0,450,0.0
indiranagar,2025-03-10,1,11,1,41.39,0.0,194.4,0.0,0,450,0.0
indiranagar,2025-03-17,1,12,1,41.394285714285715,0.0,194.4,0.0,0,450,0.0
indiranagar,2025-03-24,1,13,1,41.348571428571425,0.7057142857142856,194.4,0.0,0,450,0.0
indiranagar,2025-03-31,1,14,1,41.25285714285714,4.411428571428571,194.4,0.0,0,450,0.0
indiranagar,2025-04-07,1,15,1,41.11142857142857,8.171428571428573,194.4,0.0,0,450,0.0
indiranagar,2025-04-14,1,16,1,40.92285714285714,10.842857142857143,194.4,0.0,0,450,0.0
indiranagar,2025-04-21,1,17,1,40.69714285714286,11.81857142857143,194.4,0.0,0,450,0.0
indiranagar,2025-04-28,1,18,1,40.43857142857143,10.877142857142857,194.4,0.0,0,450,0.0
indiranagar,2025-05-05,1,19,1,40.144285714285715,8.232857142857142,194.4,0.0,0,450,0.0
indiranagar,2025-05-12,1,20,1,39.83,4.482857142857143,194.62000000000003,0.0,0,450,0.0
indiranagar,2025-05-19,1,21,1,39.49571428571429,0.7471428571428572,200.7057142857143,0.0,0,450,0.0
indiranagar,2025-05-26,1,22,2,33.65,7.958571428571429,226.96,0.0,0,450,0.0
indiranagar,2025-06-02,1,23,2,33.308571428571426,6.051428571428572,234.3742857142857,0.0,0,450,0.0
indiranagar,2025-06-09,1,24,2,32.964285714285715,5.997142857142857,240.52142857142857,0.0,0,450,0.0
indiranagar,2025-06-16,1,25,2,32.63285714285714,7.814285714285715,245.04,0.0,0,450,0.0
indiranagar,2025-06-23,1,26,2,32.32,11.085714285714285,247.67428571428573,0.0,0,450,0.0
indiranagar,2025-06-30,1,27,2,32.03142857142857,15.06857142857143,248.26571428571427,0.0,0,450,504.0
indiranagar,2025-07-07,1,28,2,31.77285714285714,18.851428571428574,246.78857142857143,4.0,0,450,958.5
indiranagar,2025-07-14,1,29,2,31.55142857142857,21.577142857142857,243.32142857142858,11.0,0,450,1417.5
indiranagar,2025-07-21,1,30,2,31.37,22.617142857142856,238.06714285714287,18.0,0,450,1417.5
indiranagar,2025-07-28,1,31,2,31.23428571428571,21.74285714285714,231.32857142857142,25.0,0,450,1417.5
indiranagar,2025-08-04,1,32,2,31.142857142857142,19.148571428571426,223.49857142857144,28.0,0,450,1035.0
indiranagar,2025-08-11,1,33,2,31.102857142857143,15.427142857142856,215.18,28.0,0,450,504.0
indiranagar,2025-08-18,1,34,2,31.11285714285714,11.425714285714287,212.4,25.0,0,450,0.0
indiranagar,2025-08-25,1,35,2,31.172857142857143,8.057142857142857,212.4,18.0,0,450,0.0
indiranagar,2025-09-01,1,36,2,31.28142857142857,6.088571428571429,212.4,11.0,0,450,0.0
indiranagar,2025-09-08,1,37,2,31.435714285714287,5.967142857142856,212.4,4.0,0,450,0.0
indiranagar,2025-09-15,1,38,2,31.632857142857144,7.722857142857143,212.4,0.0,0,450,0.0
indiranagar,2025-09-22,1,39,2,31.87,10.952857142857143,212.4,0.0,0,450,0.0
indiranagar,2025-09-29,1,40,3,30.139999999999997,4.124285714285714,230.4,0.0,0,450,0.0
indiranagar,2025-10-06,1,41,3,30.43857142857143,7.9314285714285715,230.4,0.0,0,450,0.0
indiranagar,2025-10-13,1,42,3,30.761428571428574,10.70142857142857,230.4,0.0,0,450,0.0
indiranagar,2025-10-20,1,43,3,31.09857142857143,11.814285714285715,230.4,0.0,0,450,0.0
indiranagar,2025-10-27,1,44,3,31.439999999999998,11.007142857142856,230.4,0.0,0,450,0.0
indiranagar,2025-11-03,1,45,3,31.79,8.464285714285714,230.4,0.0,0,450,0.0
indiranagar,2025-11-10,1,46,3,32.12714285714286,4.768571428571429,230.51,0.0,0,450,0.0
indiranagar,2025-11-17,1,47,3,32.455714285714286,0.9357142857142858,236.09428571428572,0.0,0,450,0.0
indiranagar,2025-11-24,1,48,3,32.76285714285714,0.0,244.39285714285714,0.0,0,450,0.0
indiranagar,2025-12-01,1,49,0,33.04285714285714,0.0,197.88285714285715,0.0,0,450,0.0
indiranagar,2025-12-08,1,50,0,33.29285714285714,0.0,204.13285714285715,0.0,0,450,0.0
indiranagar,2025-12-15,1,51,0,33.502857142857145,0.0,208.77714285714288,0.0,0,450,0.0
indiranagar,2025-12-22,1,52,0,33.67,0.4685714285714286,211.5514285714286,0.0,0,450,0.0
indiranagar,2025-12-29,1,1,0,32.542857142857144,3.9785714285714286,212.29285714285714,0.0,0,450,0.0
indiranagar,2026-01-05,1,2,0,31.89428571428571,7.807142857142857,210.96142857142857,0.0,0,450,0.0
indiranagar,2026-01-12,1,3,0,32.23142857142857,10.629999999999999,207.6314285714286,0.0,0,450,0.0
indiranagar,2026-01-19,1,4,0,32.55285714285714,11.805714285714286,202.49571428571429,0.0,0,450,0.0
indiranagar,2026-01-26,1,5,0,32.85,11.067142857142857,195.85142857142858,0.0,0,450,0.0
indiranagar,2026-02-02,1,6,0,33.12285714285714,8.58,188.08428571428573,0.0,0,450,0.0
indiranagar,2026-02-09,1,7,0,33.36,4.914285714285714,179.70714285714286,0.0,0,450,0.0
indiranagar,2026-02-16,1,8,0,33.56,1.0385714285714287,176.4,0.0,0,450,0.0
indiranagar,2026-02-23,1,9,1,41.21714285714285,0.0,194.4,0.0,0,450,0.0
indiranagar,2026-03-02,1,10,1,41.325714285714284,0.0,194.4,0.0,0,450,0.0
indiranagar,2026-03-09,1,11,1,41.385714285714286,0.0,194.4,0.0,0,450,0.0
indiranagar,2026-03-16,1,12,1,41.39714285714285,0.0,194.4,0.0,0,450,0.0
indiranagar,2026-03-23,1,13,1,41.35857142857143,0.40714285714285714,194.4,0.0,0,450,0.0
indiranagar,2026-03-30,1,14,1,41.305,2.38,194.4,0.0,0,450,0.0
koramangala,2024-04-01,0,14,1,41.25714285714286,6.727142857142858,216.0,0.0,1,680,0.0
koramangala,2024-04-08,0,15,1,41.10142857142857,10.787142857142856,216.0,0.0,1,680,0.0
koramangala,2024-04-15,0,16,1,40.902857142857144,13.354285714285714,216.0,0.0,1,680,0.0
koramangala,2024-04-22,0,17,1,40.66571428571429,13.85,216.0,0.0,1,680,0.0
koramangala,2024-04-29,0,18,1,40.39714285714285,12.162857142857144,216.0,0.0,1,680,0.0
koramangala,2024-05-06,0,19,1,40.097142857142856,8.667142857142858,216.0,0.0,1,680,0.0
koramangala,2024-05-13,0,20,1,39.77571428571429,4.171428571428572,217.14857142857142,0.0,1,680,0.0
koramangala,2024-05-20,0,21,1,39.43857142857143,0.37857142857142856,224.72285714285712,0.0,1,680,0.0
koramangala,2024-05-27,0,22,2,33.59142857142857,8.675714285714285,250.78428571428572,0.0,1,680,0.0
koramangala,2024-06-03,0,23,2,33.25,7.057142857142857,257.8771428571428,0.0,1,680,0.0
koramangala,2024-06-10,0,24,2,32.90857142857143,7.632857142857143,263.5914285714286,0.0,1,680,0.0
koramangala,2024-06-17,0,25,2,32.58142857142857,10.268571428571429,267.5942857142857,0.0,1,680,0.0
koramangala,2024-06-24,0,26,2,32.27428571428571,14.362857142857141,269.6542857142857,0.0,1,680,571.2
koramangala,2024-07-01,0,27,2,31.994285714285716,18.987142857142857,269.6542857142857,3.0,1,680,1564.0
koramangala,2024-07-08,0,28,2,31.745714285714286,23.08142857142857,267.5942857142857,10.0,1,680,2142.0
koramangala,2024-07-15,0,29,2,31.535714285714285,25.717142857142854,263.5914285714286,17.0,1,680,2142.0
koramangala,2024-07-22,0,30,2,31.365714285714287,26.292857142857144,257.87714285714287,24.0,1,680,2142.0
koramangala,2024-07-29,0,31,2,31.24285714285714,24.674285714285713,250.78428571428572,28.0,1,680,2142.0
koramangala,2024-08-05,0,32,2,31.16714285714286,21.235714285714288,242.72285714285712,28.0,1,680,2026.4
koramangala,2024-08-12,0,33,2,31.140000000000004,16.75857142857143,235.14857142857142,28.0,1,680,1142.4
koramangala,2024-08-19,0,34,2,31.165714285714284,12.262857142857143,234.0,27.0,1,680,0.0
koramangala,2024-08-26,0,35,2,31.238571428571426,8.767142857142856,234.0,20.0,1,680,0.0
koramangala,2024-09-02,0,36,2,31.361428571428572,7.08,234.0,13.0,1,680,0.0
koramangala,2024-09-09,0,37,2,31.527142857142856,7.575714285714286,234.0,6.0,1,680,0.0
koramangala,2024-09-16,0,38,2,31.737142857142857,10.142857142857142,234.0,0.0,1,680,0.0
koramangala,2024-09-23,0,39,2,31.984285714285715,14.202857142857143,234.0,0.0,1,680,380.8
koramangala,2024-09-30,0,40,3,30.262857142857143,6.401428571428572,252.0,2.0,1,680,0.0
koramangala,2024-10-07,0,41,3,30.568571428571428,10.535714285714286,252.0,2.0,1,680,0.0
koramangala,2024-10-14,0,42,3,30.895714285714288,13.235714285714286,252.0,2.0,1,680,0.0
koramangala,2024-10-21,0,43,3,31.235714285714288,13.89,252.0,2.0,1,680,0.0
koramangala,2024-10-28,0,44,3,31.580000000000002,12.35,252.0,0.0,1,680,0.0
koramangala,2024-11-04,0,45,3,31.927142857142858,8.964285714285714,252.0,0.0,1,680,0.0
koramangala,2024-11-11,0,46,3,32.26285714285714,4.505714285714285,252.86142857142858,0.0,1,680,0.0
koramangala,2024-11-18,0,47,3,32.58571428571429,0.5128571428571428,260.12,0.0,1,680,0.0
koramangala,2024-11-25,0,48,3,32.887142857142855,0.0,268.2371428571428,0.0,1,680,0.0
koramangala,2024-12-02,0,49,0,33.15714285714286,0.0,221.41142857142856,0.0,1,680,0.0
koramangala,2024-12-09,0,50,0,33.39714285714286,0.0,227.23714285714286,0.0,1,680,0.0
koramangala,2024-12-16,0,51,0,33.59571428571429,0.0,231.36999999999998,0.0,1,680,0.0
koramangala,2024-12-23,0,52,0,33.75,1.6614285714285715,233.5742857142857,0.0,1,680,0.0
koramangala,2024-12-30,0,1,0,32.30142857142857,5.775714285714286,233.82999999999998,0.0,1,680,0.0
koramangala,2025-01-06,0,2,0,31.982857142857142,9.87857142857143,232.2042857142857,0.0,1,680,0.0
koramangala,2025-01-13,0,3,0,32.318571428571424,12.891428571428571,228.60285714285715,0.0,1,680,0.0
koramangala,2025-01-20,0,4,0,32.637142857142855,13.937142857142858,223.23,0.0,1,680,0.0
koramangala,2025-01-27,0,5,0,32.93,12.777142857142858,216.40142857142857,0.0,1,680,0.0
koramangala,2025-02-03,0,6,0,33.2,9.672857142857142,208.50857142857143,0.0,1,680,0.0
koramangala,2025-02-10,0,7,0,33.43,5.337142857142857,200.31714285714287,0.0,1,680,0.0
koramangala,2025-02-17,0,8,0,33.62571428571429,0.9757142857142858,198.0,0.0,1,680,0.0
koramangala,2025-02-24,0,9,1,41.27571428571429,0.0,216.0,0.0,1,680,0.0
koramangala,2025-03-03,0,10,1,41.37714285714286,0.0,216.0,0.0,1,680,0.0
koramangala,2025-03-10,0,11,1,41.43,0.0,216.0,0.0,1,680,0.0
koramangala,2025-03-17,0,12,1,41.43428571428571,0.0,216.0,0.0,1,680,0.0
koramangala,2025-03-24,0,13,1,41.38857142857143,1.0371428571428571,216.0,0.0,1,680,0.0
koramangala,2025-03-31,0,14,1,41.292857142857144,5.418571428571428,216.0,0.0,1,680,0.0
koramangala,2025-04-07,0,15,1,41.151428571428575,9.742857142857144,216.0,0.0,1,680,0.0
koramangala,2025-04-14,0,16,1,40.962857142857146,12.815714285714284,216.0,0.0,1,680,0.0
koramangala,2025-04-21,0,17,1,40.737142857142864,13.935714285714285,216.0,0.0,1,680,0.0
koramangala,2025-04-28,0,18,1,40.478571428571435,12.854285714285714,216.0,0.0,1,680,0.0
koramangala,2025-05-05,0,19,1,40.184285714285714,9.81,216.0,0.0,1,680,0.0
koramangala,2025-05-12,0,20,1,39.87,5.5,216.22,0.0,1,680,0.0
koramangala,2025-05-19,0,21,1,39.535714285714285,1.092857142857143,222.30571428571426,0.0,1,680,0.0
koramangala,2025-05-26,0,22,2,33.690000000000005,9.5,248.56,0.0,1,680,0.0
koramangala,2025-06-02,0,23,2,33.348571428571425,7.3028571428571425,255.9742857142857,0.0,1,680,0.0
koramangala,2025-06-09,0,24,2,33.004285714285714,7.242857142857143,262.12142857142857,0.0,1,680,0.0
koramangala,2025-06-16,0,25,2,32.67285714285715,9.332857142857142,266.64,0.0,1,680,0.0
koramangala,2025-06-23,0,26,2,32.36,13.092857142857143,269.2742857142857,0.0,1,680,190.4
koramangala,2025-06-30,0,27,2,32.07142857142857,17.674285714285713,269.86571428571426,1.0,1,680,1332.8
koramangala,2025-07-07,0,28,2,31.812857142857144,22.024285714285714,268.3885714285714,8.0,1,680,2142.0
koramangala,2025-07-14,0,29,2,31.59142857142857,25.155714285714286,264.9214285714286,15.0,1,680,2142.0
koramangala,2025-07-21,0,30,2,31.41,26.35571428571429,259.6671428571429,22.0,1,680,2142.0
koramangala,2025-07-28,0,31,2,31.274285714285714,25.34857142857143,252.92857142857142,28.0,1,680,2142.0
koramangala,2025-08-04,0,32,2,31.18285714285714,22.365714285714287,245.09857142857143,28.0,1,680,2142.0
koramangala,2025-08-11,0,33,2,31.142857142857142,18.085714285714285,236.78,28.0,1,680,1448.4
koramangala,2025-08-18,0,34,2,31.15285714285714,13.487142857142857,234.0,28.0,1,680,190.4
koramangala,2025-08-25,0,35,2,31.212857142857143,9.61,234.0,22.0,1,680,0.0
koramangala,2025-09-01,0,36,2,31.321428571428573,7.347142857142857,234.0,15.0,1,680,0.0
koramangala,2025-09-08,0,37,2,31.475714285714282,7.208571428571429,234.0,8.0,1,680,0.0
koramangala,2025-09-15,0,38,2,31.672857142857143,9.222857142857142,234.0,1.0,1,680,0.0
koramangala,2025-09-22,0,39,2,31.91,12.941428571428572,234.0,0.0,1,680,0.0
koramangala,2025-09-29,0,40,3,30.18,5.085714285714286,252.0,0.0,1,680,0.0
koramangala,2025-10-06,0,41,3,30.478571428571428,9.462857142857143,252.0,0.0,1,680,0.0
koramangala,2025-10-13,0,42,3,30.801428571428573,12.654285714285715,252.0,0.0,1,680,0.0
koramangala,2025-10-20,0,43,3,31.138571428571428,13.930000000000001,252.0,0.0,1,680,0.0
koramangala,2025-10-27,0,44,3,31.479999999999997,13.004285714285714,252.0,0.0,1,680,0.0
koramangala,2025-11-03,0,45,3,31.830000000000002,10.08,252.0,0.0,1,680,0.0
koramangala,2025-11-10,0,46,3,32.167142857142856,5.832857142857143,252.10999999999999,0.0,1,680,0.0
koramangala,2025-11-17,0,47,3,32.495714285714286,1.3214285714285714,257.6942857142857,0.0,1,680,0.0
koramangala,2025-11-24,0,48,3,32.80285714285714,0.0,265.99285714285713,0.0,1,680,0.0
koramangala,2025-12-01,0,49,0,33.082857142857144,0.0,219.4828571428571,0.0,1,680,0.0
koramangala,2025-12-08,0,50,0,33.332857142857144,0.0,225.73285714285717,0.0,1,680,0.0
koramangala,2025-12-15,0,51,0,33.542857142857144,0.0,230.37714285714284,0.0,1,680,0.0
koramangala,2025-12-22,0,52,0,33.71,0.7342857142857143,233.15142857142857,0.0,1,680,0.0
koramangala,2025-12-29,0,1,0,32.582857142857144,4.92,233.89285714285714,0.0,1,680,0.0
koramangala,2026-01-05,0,2,0,31.934285714285714,9.322857142857144,232.56142857142854,0.0,1,680,0.0
koramangala,2026-01-12,0,3,0,32.27142857142857,12.56857142857143,229.23142857142855,0.0,1,680,0.0
koramangala,2026-01-19,0,4,0,32.59285714285714,13.922857142857142,224.0957142857143,0.0,1,680,0.0
koramangala,2026-01-26,0,5,0,32.89,13.074285714285713,217.45142857142858,0.0,1,680,0.0
koramangala,2026-02-02,0,6,0,33.16285714285714,10.211428571428572,209.68428571428572,0.0,1,680,0.0
koramangala,2026-02-09,0,7,0,33.4,5.997142857142856,201.30714285714288,0.0,1,680,0.0
koramangala,2026-02-16,0,8,0,33.6,1.4514285714285715,198.0,0.0,1,680,0.0
koramangala,2026-02-23,0,9,1,41.25714285714286,0.0,216.0,0.0,1,680,0.0
koramangala,2026-03-02,0,10,1,41.36571428571428,0.0,216.0,0.0,1,680,0.0
koramangala,2026-03-09,0,11,1,41.425714285714285,0.0,216.0,0.0,1,680,0.0
koramangala,2026-03-16,0,12,1,41.43714285714286,0.0,216.0,0.0,1,680,0.0
koramangala,2026-03-23,0,13,1,41.39857142857143,0.6442857142857142,216.0,0.0,1,680,0.0
koramangala,2026-03-30,0,14,1,41.345,3.08,216.0,0.0,1,680,0.0
koramangala,2024-04-01,0,14,1,41.21714285714285,5.8500000000000005,198.0,0.0,0,420,0.0
koramangala,2024-04-08,0,15,1,41.06142857142857,9.37857142857143,198.0,0.0,0,420,0.0
koramangala,2024-04-15,0,16,1,40.862857142857145,11.611428571428572,198.0,0.0,0,420,0.0
koramangala,2024-04-22,0,17,1,40.62571428571429,12.044285714285715,198.0,0.0,0,420,0.0
koramangala,2024-04-29,0,18,1,40.357142857142854,10.575714285714286,198.0,0.0,0,420,0.0
koramangala,2024-05-06,0,19,1,40.05714285714286,7.54,198.0,0.0,0,420,0.0
koramangala,2024-05-13,0,20,1,39.73571428571428,3.6271428571428572,199.14857142857142,0.0,0,420,0.0
koramangala,2024-05-20,0,21,1,39.39857142857143,0.3285714285714286,206.72285714285712,0.0,0,420,0.0
koramangala,2024-05-27,0,22,2,33.55142857142857,7.542857142857143,232.78428571428572,0.0,0,420,0.0
koramangala,2024-06-03,0,23,2,33.21,6.137142857142857,239.87714285714287,0.0,0,420,0.0
koramangala,2024-06-10,0,24,2,32.86857142857143,6.635714285714286,245.5914285714286,0.0,0,420,0.0
koramangala,2024-06-17,0,25,2,32.541428571428575,8.928571428571429,249.59428571428572,0.0,0,420,0.0
koramangala,2024-06-24,0,26,2,32.23428571428571,12.49,251.6542857142857,0.0,0,420,0.0
koramangala,2024-07-01,0,27,2,31.954285714285714,16.51,251.6542857142857,0.0,0,420,705.6
koramangala,2024-07-08,0,28,2,31.705714285714286,20.071428571428573,249.59428571428572,6.0,0,420,1108.8
koramangala,2024-07-15,0,29,2,31.495714285714286,22.364285714285717,245.5914285714286,13.0,0,420,1323.0
koramangala,2024-07-22,0,30,2,31.325714285714287,22.86285714285714,239.87714285714287,20.0,0,420,1323.0
koramangala,2024-07-29,0,31,2,31.202857142857145,21.457142857142856,232.78428571428572,27.0,0,420,1323.0
koramangala,2024-08-05,0,32,2,31.127142857142854,18.467142857142857,224.72285714285712,28.0,0,420,823.2
koramangala,2024-08-12,0,33,2,31.1,14.572857142857144,217.14857142857142,28.0,0,420,352.8
koramangala,2024-08-19,0,34,2,31.125714285714285,10.66,216.0,24.0,0,420,0.0
koramangala,2024-08-26,0,35,2,31.198571428571427,7.6242857142857146,216.0,17.0,0,420,0.0
koramangala,2024-09-02,0,36,2,31.321428571428573,6.155714285714285,216.0,10.0,0,420,0.0
koramangala,2024-09-09,0,37,2,31.487142857142857,6.588571428571429,216.0,3.0,0,420,0.0
koramangala,2024-09-16,0,38,2,31.697142857142858,8.821428571428571,216.0,0.0,0,420,0.0
koramangala,2024-09-23,0,39,2,31.944285714285716,12.35,216.0,0.0,0,420,0.0
koramangala,2024-09-30,0,40,3,30.222857142857144,5.57,234.0,0.0,0,420,0.0
koramangala,2024-10-07,0,41,3,30.528571428571432,9.161428571428571,234.0,0.0,0,420,0.0
koramangala,2024-10-14,0,42,3,30.85571428571429,11.508571428571429,234.0,0.0,0,420,0.0
koramangala,2024-10-21,0,43,3,31.195714285714285,12.078571428571427,234.0,0.0,0,420,0.0
koramangala,2024-10-28,0,44,3,31.54,10.74,234.0,0.0,0,420,0.0
koramangala,2024-11-04,0,45,3,31.88714285714286,7.791428571428571,234.0,0.0,0,420,0.0
koramangala,2024-11-11,0,46,3,32.222857142857144,3.915714285714286,234.86142857142858,0.0,0,420,0.0
koramangala,2024-11-18,0,47,3,32.54571428571428,0.4471428571428571,242.11999999999998,0.0,0,420,0.0
koramangala,2024-11-25,0,48,3,32.847142857142856,0.0,250.23714285714286,0.0,0,420,0.0
koramangala,2024-12-02,0,49,0,33.11714285714286,0.0,203.41142857142856,0.0,0,420,0.0
koramangala,2024-12-09,0,50,0,33.357142857142854,0.0,209.23714285714286,0.0,0,420,0.0
koramangala,2024-12-16,0,51,0,33.55571428571428,0.0,213.36999999999998,0.0,0,420,0.0
koramangala,2024-12-23,0,52,0,33.71,1.445714285714286,215.5742857142857,0.0,0,420,0.0
koramangala,2024-12-30,0,1,0,32.26142857142857,5.021428571428571,215.82999999999998,0.0,0,420,0.0
koramangala,2025-01-06,0,2,0,31.942857142857147,8.59,214.2042857142857,0.0,0,420,0.0
koramangala,2025-01-13,0,3,0,32.278571428571425,11.209999999999999,210.60285714285715,0.0,0,420,0.0
koramangala,2025-01-20,0,4,0,32.597142857142856,12.118571428571428,205.23,0.0,0,420,0.0
koramangala,2025-01-27,0,5,0,32.89,11.108571428571429,198.40142857142857,0.0,0,420,0.0
koramangala,2025-02-03,0,6,0,33.160000000000004,8.411428571428571,190.50857142857143,0.0,0,420,0.0
koramangala,2025-02-10,0,7,0,33.39,4.6414285714285715,182.31714285714287,0.0,0,420,0.0
koramangala,2025-02-17,0,8,0,33.58571428571428,0.8514285714285714,180.0,0.0,0,420,0.0
koramangala,2025-02-24,0,9,1,41.23571428571428,0.0,198.0,0.0,0,420,0.0
koramangala,2025-03-03,0,10,1,41.33714285714286,0.0,198.0,0.0,0,420,0.0
koramangala,2025-03-10,0,11,1,41.39,0.0,198.0,0.0,0,420,0.0
koramangala,2025-03-17,0,12,1,41.394285714285715,0.0,198.0,0.0,0,420,0.0
koramangala,2025-03-24,0,13,1,41.348571428571425,0.8985714285714286,198.0,0.0,0,420,0.0
koramangala,2025-03-31,0,14,1,41.25285714285714,4.711428571428571,198.0,0.0,0,420,0.0
koramangala,2025-04-07,0,15,1,41.11142857142857,8.471428571428572,198.0,0.0,0,420,0.0
koramangala,2025-04-14,0,16,1,40.92285714285714,11.142857142857142,198.0,0.0,0,420,0.0
koramangala,2025-04-21,0,17,1,40.69714285714286,12.118571428571428,198.0,0.0,0,420,0.0
koramangala,2025-04-28,0,18,1,40.43857142857143,11.177142857142858,198.0,0.0,0,420,0.0
koramangala,2025-05-05,0,19,1,40.144285714285715,8.532857142857143,198.0,0.0,0,420,0.0
koramangala,2025-05-12,0,20,1,39.83,4.782857142857144,198.22,0.0,0,420,0.0
koramangala,2025-05-19,0,21,1,39.49571428571429,0.9500000000000001,204.30571428571426,0.0,0,420,0.0
koramangala,2025-05-26,0,22,2,33.65,8.258571428571429,230.56,0.0,0,420,0.0
koramangala,2025-06-02,0,23,2,33.308571428571426,6.351428571428571,237.9742857142857,0.0,0,420,0.0
koramangala,2025-06-09,0,24,2,32.964285714285715,6.297142857142857,244.12142857142857,0.0,0,420,0.0
koramangala,2025-06-16,0,25,2,32.63285714285714,8.114285714285714,248.64000000000001,0.0,0,420,0.0
koramangala,2025-06-23,0,26,2,32.32,11.385714285714286,251.27428571428572,0.0,0,420,0.0
koramangala,2025-06-30,0,27,2,32.03142857142857,15.368571428571428,251.8657142857143,0.0,0,420,470.4
koramangala,2025-07-07,0,28,2,31.77285714285714,19.15142857142857,250.38857142857142,4.0,0,420,966.0
koramangala,2025-07-14,0,29,2,31.55142857142857,21.877142857142854,246.92142857142858,11.0,0,420,1323.0
koramangala,2025-07-21,0,30,2,31.37,22.91714285714286,241.66714285714286,18.0,0,420,1323.0
koramangala,2025-07-28,0,31,2,31.23428571428571,22.042857142857144,234.92857142857142,25.0,0,420,1323.0
koramangala,2025-08-04,0,32,2,31.142857142857142,19.44857142857143,227.09857142857143,28.0,0,420,966.0
koramangala,2025-08-11,0,33,2,31.102857142857143,15.727142857142857,218.78,28.0,0,420,588.0
koramangala,2025-08-18,0,34,2,31.11285714285714,11.725714285714286,216.0,26.0,0,420,0.0
koramangala,2025-08-25,0,35,2,31.172857142857143,8.357142857142858,216.0,19.0,0,420,0.0
koramangala,2025-09-01,0,36,2,31.28142857142857,6.388571428571429,216.0,12.0,0,420,0.0
koramangala,2025-09-08,0,37,2,31.435714285714287,6.267142857142857,216.0,5.0,0,420,0.0
koramangala,2025-09-15,0,38,2,31.632857142857144,8.022857142857143,216.0,0.0,0,420,0.0
koramangala,2025-09-22,0,39,2,31.87,11.252857142857142,216.0,0.0,0,420,0.0
koramangala,2025-09-29,0,40,3,30.139999999999997,4.424285714285714,234.0,0.0,0,420,0.0
koramangala,2025-10-06,0,41,3,30.43857142857143,8.231428571428571,234.0,0.0,0,420,0.0
koramangala,2025-10-13,0,42,3,30.761428571428574,11.001428571428573,234.0,0.0,0,420,0.0
koramangala,2025-10-20,0,43,3,31.09857142857143,12.114285714285714,234.0,0.0,0,420,0.0
koramangala,2025-10-27,0,44,3,31.439999999999998,11.307142857142859,234.0,0.0,0,420,0.0
koramangala,2025-11-03,0,45,3,31.79,8.764285714285714,234.0,0.0,0,420,0.0
koramangala,2025-11-10,0,46,3,32.12714285714286,5.0685714285714285,234.10999999999999,0.0,0,420,0.0
koramangala,2025-11-17,0,47,3,32.455714285714286,1.1500000000000001,239.6942857142857,0.0,0,420,0.0
koramangala,2025-11-24,0,48,3,32.76285714285714,0.0,247.99285714285716,0.0,0,420,0.0
koramangala,2025-12-01,0,49,0,33.04285714285714,0.0,201.4828571428571,0.0,0,420,0.0
koramangala,2025-12-08,0,50,0,33.29285714285714,0.0,207.73285714285717,0.0,0,420,0.0
koramangala,2025-12-15,0,51,0,33.502857142857145,0.0,212.37714285714284,0.0,0,420,0.0
koramangala,2025-12-22,0,52,0,33.67,0.6385714285714286,215.15142857142857,0.0,0,420,0.0
koramangala,2025-12-29,0,1,0,32.542857142857144,4.278571428571429,215.89285714285714,0.0,0,420,0.0
koramangala,2026-01-05,0,2,0,31.89428571428571,8.107142857142858,214.56142857142854,0.0,0,420,0.0
koramangala,2026-01-12,0,3,0,32.23142857142857,10.929999999999998,211.23142857142855,0.0,0,420,0.0
koramangala,2026-01-19,0,4,0,32.55285714285714,12.105714285714285,206.0957142857143,0.0,0,420,0.0
koramangala,2026-01-26,0,5,0,32.85,11.367142857142856,199.45142857142858,0.0,0,420,0.0
koramangala,2026-02-02,0,6,0,33.12285714285714,8.88,191.68428571428572,0.0,0,420,0.0
koramangala,2026-02-09,0,7,0,33.36,5.214285714285714,183.30714285714288,0.0,0,420,0.0
koramangala,2026-02-16,0,8,0,33.56,1.2657142857142856,180.0,0.0,0,420,0.0
koramangala,2026-02-23,0,9,1,41.21714285714285,0.0,198.0,0.0,0,420,0.0
koramangala,2026-03-02,0,10,1,41.325714285714284,0.0,198.0,0.0,0,420,0.0
koramangala,2026-03-09,0,11,1,41.385714285714286,0.0,198.0,0.0,0,420,0.0
koramangala,2026-03-16,0,12,1,41.39714285714285,0.0,198.0,0.0,0,420,0.0
koramangala,2026-03-23,0,13,1,41.35857142857143,0.5571428571428572,198.0,0.0,0,420,0.0
koramangala,2026-03-30,0,14,1,41.305,2.68,198.0,0.0,0,420,0.0
whitefield,2024-04-01,3,14,1,41.25714285714286,7.187142857142858,220.8,0.0,1,580,0.0
whitefield,2024-04-08,3,15,1,41.10142857142857,11.247142857142858,220.8,0.0,1,580,0.0
whitefield,2024-04-15,3,16,1,40.902857142857144,13.814285714285715,220.8,0.0,1,580,0.0
whitefield,2024-04-22,3,17,1,40.66571428571429,14.31,220.8,0.0,1,580,0.0
whitefield,2024-04-29,3,18,1,40.39714285714285,12.622857142857143,220.8,0.0,1,580,0.0
whitefield,2024-05-06,3,19,1,40.097142857142856,9.127142857142857,220.8,0.0,1,580,0.0
whitefield,2024-05-13,3,20,1,39.77571428571429,4.631428571428572,221.94857142857146,0.0,1,580,0.0
whitefield,2024-05-20,3,21,1,39.43857142857143,0.5914285714285714,229.52285714285716,0.0,1,580,0.0
whitefield,2024-05-27,3,22,2,33.59142857142857,9.135714285714286,255.5842857142857,0.0,1,580,0.0
whitefield,2024-06-03,3,23,2,33.25,7.517142857142858,262.6771428571429,0.0,1,580,0.0
whitefield,2024-06-10,3,24,2,32.90857142857143,8.092857142857143,268.39142857142855,0.0,1,580,0.0
whitefield,2024-06-17,3,25,2,32.58142857142857,10.728571428571428,272.39428571428573,0.0,1,580,0.0
whitefield,2024-06-24,3,26,2,32.27428571428571,14.822857142857144,274.45428571428573,0.0,1,580,487.2
whitefield,2024-07-01,3,27,2,31.994285714285716,19.447142857142858,274.45428571428573,3.0,1,580,1432.6
whitefield,2024-07-08,3,28,2,31.745714285714286,23.541428571428572,272.39428571428573,10.0,1,580,1827.0
whitefield,2024-07-15,3,29,2,31.535714285714285,26.177142857142858,268.39142857142855,17.0,1,580,1827.0
whitefield,2024-07-22,3,30,2,31.365714285714287,26.752857142857145,262.6771428571429,24.0,1,580,1827.0
whitefield,2024-07-29,3,31,2,31.24285714285714,25.134285714285713,255.5842857142857,28.0,1,580,1827.0
whitefield,2024-08-05,3,32,2,31.16714285714286,21.695714285714285,247.52285714285716,28.0,1,580,1728.4
whitefield,2024-08-12,3,33,2,31.140000000000004,17.21857142857143,239.94857142857146,28.0,1,580,1136.8
whitefield,2024-08-19,3,34,2,31.165714285714284,12.722857142857142,238.8,28.0,1,580,0.0
whitefield,2024-08-26,3,35,2,31.238571428571426,9.227142857142857,238.8,21.0,1,580,0.0
whitefield,2024-09-02,3,36,2,31.361428571428572,7.54,238.8,14.0,1,580,0.0
whitefield,2024-09-09,3,37,2,31.527142857142856,8.035714285714286,238.8,7.0,1,580,0.0
whitefield,2024-09-16,3,38,2,31.737142857142857,10.602857142857143,238.8,0.0,1,580,0.0
whitefield,2024-09-23,3,39,2,31.984285714285715,14.662857142857144,238.8,0.0,1,580,487.2
whitefield,2024-09-30,3,40,3,30.262857142857143,6.861428571428571,256.8,3.0,1,580,0.0
whitefield,2024-10-07,3,41,3,30.568571428571428,10.995714285714286,256.8,3.0,1,580,0.0
whitefield,2024-10-14,3,42,3,30.895714285714288,13.695714285714287,256.8,3.0,1,580,0.0
whitefield,2024-10-21,3,43,3,31.235714285714288,14.35,256.8,3.0,1,580,0.0
whitefield,2024-10-28,3,44,3,31.580000000000002,12.81,256.8,0.0,1,580,0.0
whitefield,2024-11-04,3,45,3,31.927142857142858,9.424285714285714,256.8,0.0,1,580,0.0
whitefield,2024-11-11,3,46,3,32.26285714285714,4.965714285714285,257.6614285714286,0.0,1,580,0.0
whitefield,2024-11-18,3,47,3,32.58571428571429,0.7685714285714286,264.92,0.0,1,580,0.0
whitefield,2024-11-25,3,48,3,32.887142857142855,0.0,273.03714285714284,0.0,1,580,0.0
whitefield,2024-12-02,3,49,0,33.15714285714286,0.0,226.21142857142857,0.0,1,580,0.0
whitefield,2024-12-09,3,50,0,33.39714285714286,0.0,232.03714285714287,0.0,1,580,0.0
whitefield,2024-12-16,3,51,0,33.59571428571429,0.0,236.17000000000002,0.0,1,580,0.0
whitefield,2024-12-23,3,52,0,33.75,2.0814285714285714,238.37428571428572,0.0,1,580,0.0
whitefield,2024-12-30,3,1,0,32.30142857142857,6.235714285714286,238.63000000000002,0.0,1,580,0.0
whitefield,2025-01-06,3,2,0,31.982857142857142,10.338571428571429,237.00428571428571,0.0,1,580,0.0
whitefield,2025-01-13,3,3,0,32.318571428571424,13.351428571428572,233.40285714285713,0.0,1,580,0.0
whitefield,2025-01-20,3,4,0,32.637142857142855,14.397142857142857,228.03,0.0,1,580,0.0
whitefield,2025-01-27,3,5,0,32.93,13.237142857142857,221.20142857142858,0.0,1,580,0.0
whitefield,2025-02-03,3,6,0,33.2,10.132857142857144,213.30857142857144,0.0,1,580,0.0
whitefield,2025-02-10,3,7,0,33.43,5.797142857142857,205.11714285714285,0.0,1,580,0.0
whitefield,2025-02-17,3,8,0,33.62571428571429,1.3042857142857145,202.8,0.0,1,580,0.0
whitefield,2025-02-24,3,9,1,41.27571428571429,0.0,220.8,0.0,1,580,0.0
whitefield,2025-03-03,3,10,1,41.37714285714286,0.0,220.8,0.0,1,580,0.0
whitefield,2025-03-10,3,11,1,41.43,0.0,220.8,0.0,1,580,0.0
whitefield,2025-03-17,3,12,1,41.43428571428571,0.0,220.8,0.0,1,580,0.0
whitefield,2025-03-24,3,13,1,41.38857142857143,1.3714285714285714,220.8,0.0,1,580,0.0
whitefield,2025-03-31,3,14,1,41.292857142857144,5.878571428571428,220.8,0.0,1,580,0.0
whitefield,2025-04-07,3,15,1,41.151428571428575,10.202857142857143,220.8,0.0,1,580,0.0
whitefield,2025-04-14,3,16,1,40.962857142857146,13.275714285714287,220.8,0.0,1,580,0.0
whitefield,2025-04-21,3,17,1,40.737142857142864,14.395714285714286,220.8,0.0,1,580,0.0
whitefield,2025-04-28,3,18,1,40.478571428571435,13.314285714285715,220.8,0.0,1,580,0.0
whitefield,2025-05-05,3,19,1,40.184285714285714,10.27,220.8,0.0,1,580,0.0
whitefield,2025-05-12,3,20,1,39.87,5.96,221.02,0.0,1,580,0.0
whitefield,2025-05-19,3,21,1,39.535714285714285,1.4371428571428573,227.1057142857143,0.0,1,580,0.0
whitefield,2025-05-26,3,22,2,33.690000000000005,9.959999999999999,253.35999999999999,0.0,1,580,0.0
whitefield,2025-06-02,3,23,2,33.348571428571425,7.762857142857143,260.7742857142857,0.0,1,580,0.0
whitefield,2025-06-09,3,24,2,33.004285714285714,7.702857142857143,266.9214285714285,0.0,1,580,0.0
whitefield,2025-06-16,3,25,2,32.67285714285715,9.792857142857143,271.44,0.0,1,580,0.0
whitefield,2025-06-23,3,26,2,32.36,13.552857142857144,274.07428571428574,0.0,1,580,162.4
whitefield,2025-06-30,3,27,2,32.07142857142857,18.134285714285713,274.6657142857143,1.0,1,580,1235.4
whitefield,2025-07-07,3,28,2,31.812857142857144,22.48428571428571,273.18857142857144,8.0,1,580,1827.0
whitefield,2025-07-14,3,29,2,31.59142857142857,25.615714285714287,269.7214285714286,15.0,1,580,1827.0
whitefield,2025-07-21,3,30,2,31.41,26.815714285714286,264.46714285714285,22.0,1,580,1827.0
whitefield,2025-07-28,3,31,2,31.274285714285714,25.80857142857143,257.7285714285714,28.0,1,580,1827.0
whitefield,2025-08-04,3,32,2,31.18285714285714,22.825714285714287,249.89857142857142,28.0,1,580,1827.0
whitefield,2025-08-11,3,33,2,31.142857142857142,18.545714285714286,241.57999999999998,28.0,1,580,1235.4
whitefield,2025-08-18,3,34,2,31.15285714285714,13.947142857142856,238.8,28.0,1,580,324.8
whitefield,2025-08-25,3,35,2,31.212857142857143,10.069999999999999,238.8,23.0,1,580,0.0
whitefield,2025-09-01,3,36,2,31.321428571428573,7.807142857142857,238.8,16.0,1,580,0.0
whitefield,2025-09-08,3,37,2,31.475714285714282,7.668571428571428,238.8,9.0,1,580,0.0
whitefield,2025-09-15,3,38,2,31.672857142857143,9.682857142857143,238.8,2.0,1,580,0.0
whitefield,2025-09-22,3,39,2,31.91,13.401428571428571,238.8,0.0,1,580,162.4
whitefield,2025-09-29,3,40,3,30.18,5.545714285714285,256.8,1.0,1,580,0.0
whitefield,2025-10-06,3,41,3,30.478571428571428,9.922857142857143,256.8,1.0,1,580,0.0
whitefield,2025-10-13,3,42,3,30.801428571428573,13.114285714285714,256.8,1.0,1,580,0.0
whitefield,2025-10-20,3,43,3,31.138571428571428,14.39,256.8,1.0,1,580,0.0
whitefield,2025-10-27,3,44,3,31.479999999999997,13.464285714285714,256.8,0.0,1,580,0.0
whitefield,2025-11-03,3,45,3,31.830000000000002,10.540000000000001,256.8,0.0,1,580,0.0
whitefield,2025-11-10,3,46,3,32.167142857142856,6.292857142857143,256.91,0.0,1,580,0.0
whitefield,2025-11-17,3,47,3,32.495714285714286,1.7085714285714284,262.4942857142857,0.0,1,580,0.0
whitefield,2025-11-24,3,48,3,32.80285714285714,0.0,270.79285714285714,0.0,1,580,0.0
whitefield,2025-12-01,3,49,0,33.082857142857144,0.0,224.28285714285715,0.0,1,580,0.0
whitefield,2025-12-08,3,50,0,33.332857142857144,0.0,230.53285714285715,0.0,1,580,0.0
whitefield,2025-12-15,3,51,0,33.542857142857144,0.0,235.17714285714285,0.0,1,580,0.0
whitefield,2025-12-22,3,52,0,33.71,1.022857142857143,237.95142857142858,0.0,1,580,0.0
whitefield,2025-12-29,3,1,0,32.582857142857144,5.38,238.69285714285715,0.0,1,580,0.0
whitefield,2026-01-05,3,2,0,31.934285714285714,9.782857142857143,237.36142857142858,0.0,1,580,0.0
whitefield,2026-01-12,3,3,0,32.27142857142857,13.028571428571428,234.03142857142856,0.0,1,580,0.0
whitefield,2026-01-19,3,4,0,32.59285714285714,14.382857142857144,228.8957142857143,0.0,1,580,0.0
whitefield,2026-01-26,3,5,0,32.89,13.534285714285714,222.25142857142856,0.0,1,580,0.0
whitefield,2026-02-02,3,6,0,33.16285714285714,10.671428571428573,214.48428571428573,0.0,1,580,0.0
whitefield,2026-02-09,3,7,0,33.4,6.457142857142857,206.10714285714286,0.0,1,580,0.0
whitefield,2026-02-16,3,8,0,33.6,1.8457142857142856,202.8,0.0,1,580,0.0
whitefield,2026-02-23,3,9,1,41.25714285714286,0.0,220.8,0.0,1,580,0.0
whitefield,2026-03-02,3,10,1,41.36571428571428,0.0,220.8,0.0,1,580,0.0
whitefield,2026-03-09,3,11,1,41.425714285714285,0.0,220.8,0.0,1,580,0.0
whitefield,2026-03-16,3,12,1,41.43714285714286,0.0,220.8,0.0,1,580,0.0
whitefield,2026-03-23,3,13,1,41.39857142857143,0.9128571428571428,220.8,0.0,1,580,0.0
whitefield,2026-03-30,3,14,1,41.345,3.54,220.8,0.0,1,580,0.0
whitefield,2024-04-01,3,14,1,41.21714285714285,6.25,202.8,0.0,0,350,0.0
whitefield,2024-04-08,3,15,1,41.06142857142857,9.778571428571428,202.8,0.0,0,350,0.0
whitefield,2024-04-15,3,16,1,40.862857142857145,12.01142857142857,202.8,0.0,0,350,0.0
whitefield,2024-04-22,3,17,1,40.62571428571429,12.444285714285714,202.8,0.0,0,350,0.0
whitefield,2024-04-29,3,18,1,40.357142857142854,10.975714285714286,202.8,0.0,0,350,0.0
whitefield,2024-05-06,3,19,1,40.05714285714286,7.9399999999999995,202.8,0.0,0,350,0.0
whitefield,2024-05-13,3,20,1,39.73571428571428,4.027142857142858,203.94857142857146,0.0,0,350,0.0
whitefield,2024-05-20,3,21,1,39.39857142857143,0.5142857142857143,211.52285714285716,0.0,0,350,0.0
whitefield,2024-05-27,3,22,2,33.55142857142857,7.942857142857143,237.58428571428573,0.0,0,350,0.0
whitefield,2024-06-03,3,23,2,33.21,6.5371428571428565,244.67714285714285,0.0,0,350,0.0
whitefield,2024-06-10,3,24,2,32.86857142857143,7.035714285714286,250.39142857142858,0.0,0,350,0.0
whitefield,2024-06-17,3,25,2,32.541428571428575,9.328571428571427,254.3942857142857,0.0,0,350,0.0
whitefield,2024-06-24,3,26,2,32.23428571428571,12.89,256.45428571428573,0.0,0,350,0.0
whitefield,2024-07-01,3,27,2,31.954285714285714,16.91,256.45428571428573,0.0,0,350,686.0
whitefield,2024-07-08,3,28,2,31.705714285714286,20.47142857142857,254.3942857142857,7.0,0,350,983.5
whitefield,2024-07-15,3,29,2,31.495714285714286,22.764285714285712,250.39142857142858,14.0,0,350,1102.5
whitefield,2024-07-22,3,30,2,31.325714285714287,23.262857142857143,244.67714285714285,21.0,0,350,1102.5
whitefield,2024-07-29,3,31,2,31.202857142857145,21.857142857142858,237.58428571428573,28.0,0,350,1102.5
whitefield,2024-08-05,3,32,2,31.127142857142854,18.867142857142856,229.52285714285716,28.0,0,350,745.5
whitefield,2024-08-12,3,33,2,31.1,14.972857142857142,221.94857142857146,28.0,0,350,294.0
whitefield,2024-08-19,3,34,2,31.125714285714285,11.06,220.8,24.0,0,350,0.0
whitefield,2024-08-26,3,35,2,31.198571428571427,8.024285714285714,220.8,17.0,0,350,0.0
whitefield,2024-09-02,3,36,2,31.321428571428573,6.555714285714286,220.8,10.0,0,350,0.0
whitefield,2024-09-09,3,37,2,31.487142857142857,6.988571428571428,220.8,3.0,0,350,0.0
whitefield,2024-09-16,3,38,2,31.697142857142858,9.221428571428572,220.8,0.0,0,350,0.0
whitefield,2024-09-23,3,39,2,31.944285714285716,12.75,220.8,0.0,0,350,0.0
whitefield,2024-09-30,3,40,3,30.222857142857144,5.97,238.8,0.0,0,350,0.0
whitefield,2024-10-07,3,41,3,30.528571428571432,9.561428571428573,238.8,0.0,0,350,0.0
whitefield,2024-10-14,3,42,3,30.85571428571429,11.90857142857143,238.8,0.0,0,350,0.0
whitefield,2024-10-21,3,43,3,31.195714285714285,12.478571428571428,238.8,0.0,0,350,0.0
whitefield,2024-10-28,3,44,3,31.54,11.14,238.8,0.0,0,350,0.0
whitefield,2024-11-04,3,45,3,31.88714285714286,8.191428571428572,238.8,0.0,0,350,0.0
whitefield,2024-11-11,3,46,3,32.222857142857144,4.315714285714286,239.6614285714286,0.0,0,350,0.0
whitefield,2024-11-18,3,47,3,32.54571428571428,0.6699999999999999,246.92000000000002,0.0,0,350,0.0
whitefield,2024-11-25,3,48,3,32.847142857142856,0.0,255.03714285714287,0.0,0,350,0.0
whitefield,2024-12-02,3,49,0,33.11714285714286,0.0,208.21142857142857,0.0,0,350,0.0
whitefield,2024-12-09,3,50,0,33.357142857142854,0.0,214.03714285714287,0.0,0,350,0.0
whitefield,2024-12-16,3,51,0,33.55571428571428,0.0,218.17000000000002,0.0,0,350,0.0
whitefield,2024-12-23,3,52,0,33.71,1.8114285714285714,220.37428571428572,0.0,0,350,0.0
whitefield,2024-12-30,3,1,0,32.26142857142857,5.421428571428571,220.63000000000002,0.0,0,350,0.0
whitefield,2025-01-06,3,2,0,31.942857142857147,8.99,219.00428571428571,0.0,0,350,0.0
whitefield,2025-01-13,3,3,0,32.278571428571425,11.61,215.40285714285713,0.0,0,350,0.0
whitefield,2025-01-20,3,4,0,32.597142857142856,12.518571428571429,210.03,0.0,0,350,0.0
whitefield,2025-01-27,3,5,0,32.89,11.508571428571429,203.20142857142858,0.0,0,350,0.0
whitefield,2025-02-03,3,6,0,33.160000000000004,8.811428571428571,195.30857142857144,0.0,0,350,0.0
whitefield,2025-02-10,3,7,0,33.39,5.041428571428571,187.11714285714285,0.0,0,350,0.0
whitefield,2025-02-17,3,8,0,33.58571428571428,1.1371428571428572,184.8,0.0,0,350,0.0
whitefield,2025-02-24,3,9,1,41.23571428571428,0.0,202.8,0.0,0,350,0.0
whitefield,2025-03-03,3,10,1,41.33714285714286,0.0,202.8,0.0,0,350,0.0
whitefield,2025-03-10,3,11,1,41.39,0.0,202.8,0.0,0,350,0.0
whitefield,2025-03-17,3,12,1,41.394285714285715,0.0,202.8,0.0,0,350,0.0
whitefield,2025-03-24,3,13,1,41.348571428571425,1.1885714285714286,202.8,0.0,0,350,0.0
whitefield,2025-03-31,3,14,1,41.25285714285714,5.111428571428571,202.8,0.0,0,350,0.0
whitefield,2025-04-07,3,15,1,41.11142857142857,8.871428571428572,202.8,0.0,0,350,0.0
whitefield,2025-04-14,3,16,1,40.92285714285714,11.542857142857143,202.8,0.0,0,350,0.0
whitefield,2025-04-21,3,17,1,40.69714285714286,12.518571428571429,202.8,0.0,0,350,0.0
whitefield,2025-04-28,3,18,1,40.43857142857143,11.577142857142857,202.8,0.0,0,350,0.0
whitefield,2025-05-05,3,19,1,40.144285714285715,8.932857142857143,202.8,0.0,0,350,0.0
whitefield,2025-05-12,3,20,1,39.83,5.182857142857143,203.02,0.0,0,350,0.0
whitefield,2025-05-19,3,21,1,39.49571428571429,1.25,209.1057142857143,0.0,0,350,0.0
whitefield,2025-05-26,3,22,2,33.65,8.65857142857143,235.35999999999999,0.0,0,350,0.0
whitefield,2025-06-02,3,23,2,33.308571428571426,6.751428571428571,242.77428571428572,0.0,0,350,0.0
whitefield,2025-06-09,3,24,2,32.964285714285715,6.6971428571428575,248.92142857142858,0.0,0,350,0.0
whitefield,2025-06-16,3,25,2,32.63285714285714,8.514285714285714,253.44,0.0,0,350,0.0
whitefield,2025-06-23,3,26,2,32.32,11.785714285714286,256.07428571428574,0.0,0,350,0.0
whitefield,2025-06-30,3,27,2,32.03142857142857,15.768571428571429,256.6657142857143,0.0,0,350,490.0
whitefield,2025-07-07,3,28,2,31.77285714285714,19.551428571428573,255.18857142857146,5.0,0,350,864.5
whitefield,2025-07-14,3,29,2,31.55142857142857,22.277142857142856,251.72142857142856,12.0,0,350,1102.5
whitefield,2025-07-21,3,30,2,31.37,23.31714285714286,246.46714285714285,19.0,0,350,1102.5
whitefield,2025-07-28,3,31,2,31.23428571428571,22.442857142857143,239.72857142857146,26.0,0,350,1102.5
whitefield,2025-08-04,3,32,2,31.142857142857142,19.84857142857143,231.89857142857142,28.0,0,350,864.5
whitefield,2025-08-11,3,33,2,31.102857142857143,16.127142857142857,223.57999999999998,28.0,0,350,490.0
whitefield,2025-08-18,3,34,2,31.11285714285714,12.125714285714285,220.8,26.0,0,350,0.0
whitefield,2025-08-25,3,35,2,31.172857142857143,8.757142857142856,220.8,19.0,0,350,0.0
whitefield,2025-09-01,3,36,2,31.28142857142857,6.788571428571428,220.8,12.0,0,350,0.0
whitefield,2025-09-08,3,37,2,31.435714285714287,6.667142857142857,220.8,5.0,0,350,0.0
whitefield,2025-09-15,3,38,2,31.632857142857144,8.422857142857143,220.8,0.0,0,350,0.0
whitefield,2025-09-22,3,39,2,31.87,11.652857142857142,220.8,0.0,0,350,0.0
whitefield,2025-09-29,3,40,3,30.139999999999997,4.824285714285715,238.8,0.0,0,350,0.0
whitefield,2025-10-06,3,41,3,30.43857142857143,8.631428571428572,238.8,0.0,0,350,0.0
whitefield,2025-10-13,3,42,3,30.761428571428574,11.401428571428571,238.8,0.0,0,350,0.0
whitefield,2025-10-20,3,43,3,31.09857142857143,12.514285714285714,238.8,0.0,0,350,0.0
whitefield,2025-10-27,3,44,3,31.439999999999998,11.707142857142857,238.8,0.0,0,350,0.0
whitefield,2025-11-03,3,45,3,31.79,9.164285714285715,238.8,0.0,0,350,0.0
whitefield,2025-11-10,3,46,3,32.12714285714286,5.468571428571429,238.91000000000003,0.0,0,350,0.0
whitefield,2025-11-17,3,47,3,32.455714285714286,1.487142857142857,244.49428571428572,0.0,0,350,0.0
whitefield,2025-11-24,3,48,3,32.76285714285714,0.0,252.79285714285717,0.0,0,350,0.0
whitefield,2025-12-01,3,49,0,33.04285714285714,0.0,206.28285714285715,0.0,0,350,0.0
whitefield,2025-12-08,3,50,0,33.29285714285714,0.0,212.53285714285715,0.0,0,350,0.0
whitefield,2025-12-15,3,51,0,33.502857142857145,0.0,217.17714285714285,0.0,0,350,0.0
whitefield,2025-12-22,3,52,0,33.67,0.89,219.95142857142858,0.0,0,350,0.0
whitefield,2025-12-29,3,1,0,32.542857142857144,4.678571428571429,220.69285714285715,0.0,0,350,0.0
whitefield,2026-01-05,3,2,0,31.89428571428571,8.507142857142856,219.36142857142858,0.0,0,350,0.0
whitefield,2026-01-12,3,3,0,32.23142857142857,11.33,216.03142857142856,0.0,0,350,0.0
whitefield,2026-01-19,3,4,0,32.55285714285714,12.505714285714285,210.8957142857143,0.0,0,350,0.0
whitefield,2026-01-26,3,5,0,32.85,11.767142857142858,204.25142857142856,0.0,0,350,0.0
whitefield,2026-02-02,3,6,0,33.12285714285714,9.28,196.48428571428573,0.0,0,350,0.0
whitefield,2026-02-09,3,7,0,33.36,5.614285714285714,188.10714285714286,0.0,0,350,0.0
whitefield,2026-02-16,3,8,0,33.56,1.6085714285714285,184.8,0.0,0,350,0.0
whitefield,2026-02-23,3,9,1,41.21714285714285,0.0,202.8,0.0,0,350,0.0
whitefield,2026-03-02,3,10,1,41.325714285714284,0.0,202.8,0.0,0,350,0.0
whitefield,2026-03-09,3,11,1,41.385714285714286,0.0,202.8,0.0,0,350,0.0
whitefield,2026-03-16,3,12,1,41.39714285714285,0.0,202.8,0.0,0,350,0.0
whitefield,2026-03-23,3,13,1,41.35857142857143,0.79,202.8,0.0,0,350,0.0
whitefield,2026-03-30,3,14,1,41.305,3.08,202.8,0.0,0,350,0.0
